full_date,date,weekday,time,sub_mood,activities,mood
16/04/2021,Apr-16,Friday,8:00 PM,yolo,reading | Art | prayer | fasting  | walk | meditation  | shower | writing | Watching series  | good meal | reddit | language learning  | streaming  | youtube | cooking | travel | cleaning | new things  | power nap | Documentary  | penpal | coding ,Good
15/04/2021,Apr-15,Thursday,2:37 AM,focused ,reading | learning  | Art | prayer | fasting  | walk | meditation  | shower | Audio books  | writing | Watching series  | good meal | reddit | language learning  | shave  | streaming  | youtube | cooking | cleaning | research  | new things  | power nap | repair | Documentary  | penpal | coding  | Tutorial ,Good
14/04/2021,Apr-14,Wednesday,2:39 AM,confused ,reading | learning  | prayer | fasting  | Quran  | walk | meditation  | shower | podcast | Audio books  | writing | Watching series  | good meal | reddit | language learning  | streaming  | youtube | cooking | research  | new things  | designing  | repair | Documentary  | penpal | coding  | Tutorial ,Normal
13/04/2021,Apr-13,Tuesday,2:38 AM,wondering,reading | learning  | Art | prayer | fasting  | walk | meditation  | Audio books  | writing | Watching series  | News Update | good meal | reddit | language learning  | shave  | streaming  | youtube | cooking | research  | new things  | power nap | Documentary  | penpal | coding  | Tutorial ,Normal
12/04/2021,Apr-12,Monday,9:52 PM,angry,reading | learning  | fasting  | walk | meditation  | shower | writing | Watching series  | good meal | reddit | language learning  | streaming  | youtube | cooking | cleaning | research  | new things  | power nap | Documentary  | penpal | coding  | Tutorial ,Awful
11/04/2021,Apr-11,Sunday,12:21 AM,wondering,reading | learning  | prayer | fasting  | walk | meditation  | shower | Audio books  | writing | good meal | reddit | language learning  | streaming  | youtube | cooking | cleaning | research  | new things  | power nap | Documentary  | penpal | coding  | Tutorial ,Normal
10/04/2021,Apr-10,Saturday,12:20 AM,blessed ,reading | learning  | prayer | walk | meditation  | shower | writing | Watching series  | good meal | reddit | language learning  | streaming  | youtube | cooking | travel | research  | new things  | power nap | penpal | coding  | Tutorial ,Good
09/04/2021,Apr-09,Friday,12:20 AM,yolo,reading | learning  | prayer | fasting  | walk | meditation  | shower | writing | Watching series  | News Update | good meal | reddit | language learning  | streaming  | youtube | cooking | travel | new things  | power nap | Email | Documentary  | penpal | coding  | Tutorial ,Good
08/04/2021,Apr-08,Thursday,11:07 PM,excited ,reading | learning  | Art | meditation  | shower | writing | Watching series  | good meal | reddit | language learning  | streaming  | youtube | cooking | cleaning | research  | new things  | power nap | Documentary  | penpal | coding  | Tutorial ,Amazing
07/04/2021,Apr-07,Wednesday,9:02 PM,yolo,reading | learning  | fasting  | walk | meditation  | Audio books  | writing | Watching series  | good meal | reddit | trimming  | streaming  | youtube | cooking | cleaning | new things  | power nap | Documentary  | penpal | coding  | Tutorial ,Good
06/04/2021,Apr-06,Tuesday,9:33 PM,focused ,reading | learning  | prayer | fasting  | walk | meditation  | shower | Audio books  | writing | Watching series  | good meal | reddit | language learning  | Poetry  | streaming  | youtube | cooking | cleaning | new things  | designing  | penpal | coding  | Tutorial ,Good
05/04/2021,Apr-05,Monday,2:06 PM,Chill,reading | learning  | prayer | fasting  | walk | meditation  | shower | Audio books  | writing | Watching series  | News Update | good meal | reddit | language learning  | trimming  | streaming  | youtube | cooking | research  | new things  | power nap | Documentary  | penpal | coding  | Tutorial ,Good
04/04/2021,Apr-04,Sunday,9:06 PM,focused ,reading | Write dairy  | prayer | fasting  | walk | meditation  | shower | Audio books  | writing | Watching series  | good meal | reddit | language learning  | yoga | streaming  | youtube | cooking | research  | new things  | power nap | Documentary  | penpal | coding  | Tutorial ,Good
03/04/2021,Apr-03,Saturday,9:20 PM,focused ,reading | learning  | prayer | fasting  | walk | meditation  | shower | Audio books  | writing | Watching series  | good meal | reddit | language learning  | streaming  | youtube | cooking | travel | research  | new things  | power nap | Documentary  | penpal | coding  | Tutorial ,Good
02/04/2021,Apr-02,Friday,9:12 PM,excited ,reading | learning  | Art | prayer | fasting  | walk | meditation  | shower | Audio books  | writing | Watching series  | good meal | reddit | language learning  | Poetry  | streaming  | youtube | cooking | travel | cleaning | research  | new things  | power nap | designing  | Documentary  | penpal | coding  | Tutorial ,Amazing
01/04/2021,Apr-01,Thursday,10:40 PM,focused ,reading | Art | prayer | fasting  | walk | meditation  | writing | Watching series  | reddit | language learning  | streaming  | youtube | cooking | cleaning | research  | new things  | power nap | Documentary  | penpal | coding  | Tutorial ,Good
31/03/2021,Mar-31,Wednesday,10:31 PM,yolo,reading | learning  | Art | prayer | fasting  | walk | meditation  | shower | Audio books  | writing | Watching series  | good meal | reddit | language learning  | Poetry  | streaming  | youtube | cooking | research  | new things  | songs | designing  | Documentary  | penpal | coding  | Tutorial ,Good
30/03/2021,Mar-30,Tuesday,9:20 PM,wondering,reading | learning  | Art | prayer | fasting  | walk | meditation  | Audio books  | writing | Watching series  | language learning  | trimming  | streaming  | youtube | cooking | research  | new things  | power nap | songs | Documentary  | penpal | coding  | Tutorial ,Normal
29/03/2021,Mar-29,Monday,9:10 PM,focused ,reading | learning  | prayer | fasting  | walk | meditation  | shower | podcast | Audio books  | writing | Watching series  | reddit | language learning  | streaming  | youtube | cooking | travel | new things  | power nap | songs | Documentary  | penpal | coding  | Tutorial ,Good
28/03/2021,Mar-28,Sunday,8:37 PM,blessed ,reading | Write dairy  | prayer | fasting  | Quran  | walk | meditation  | shower | Audio books  | writing | Watching series  | News Update | good meal | reddit | language learning  | youtube | cooking | cleaning | research  | new things  | power nap | Documentary  | penpal | coding  | Tutorial  | jobs,Good
27/03/2021,Mar-27,Saturday,9:00 PM,hungry ,reading | Art | fasting  | walk | meditation  | writing | Watching series  | good meal | reddit | language learning  | streaming  | youtube | cooking | cleaning | research  | new things  | power nap | songs | Documentary  | penpal | coding  | Tutorial ,Good
26/03/2021,Mar-26,Friday,9:33 PM,happiest day,reading | learning  | Art | prayer | fasting  | walk | meditation  | shower | Audio books  | writing | Watching series  | good meal | reddit | language learning  | streaming  | youtube | cooking | cleaning | research  | new things  | power nap | repair | Documentary  | penpal | coding  | Tutorial ,Amazing
25/03/2021,Mar-25,Thursday,12:16 AM,wondering,reading | learning  | Art | prayer | fasting  | walk | meditation  | shower | podcast | Audio books  | writing | Watching series  | good meal | reddit | language learning  | shave  | streaming  | youtube | cooking | cleaning | research  | new things  | power nap | songs | Documentary  | penpal | coding  | Tutorial ,Normal
24/03/2021,Mar-24,Wednesday,9:41 PM,focused ,reading | learning  | Art | prayer | fasting  | walk | meditation  | shower | podcast | Audio books  | writing | Watching series  | good meal | language learning  | streaming  | youtube | cooking | travel | research  | new things  | power nap | Documentary  | penpal | coding  | Tutorial ,Good
23/03/2021,Mar-23,Tuesday,10:56 PM,yolo,reading | learning  | Art | prayer | fasting  | walk | meditation  | shower | writing | Watching series  | good meal | reddit | language learning  | streaming  | youtube | cleaning | research  | new things  | power nap | Documentary  | penpal | coding  | Tutorial ,Good
22/03/2021,Mar-22,Monday,9:00 PM,focused ,reading | learning  | walk | meditation  | shower | writing | Watching series  | good meal | reddit | language learning  | streaming  | youtube | movies | cooking | research  | new things  | power nap | Documentary  | penpal | coding  | Tutorial ,Good
21/03/2021,Mar-21,Sunday,3:42 AM,weak,reading | prayer | fasting  | walk | meditation  | shower | Audio books  | writing | Watching series  | News Update | good meal | reddit | language learning  | streaming  | youtube | cooking | research  | new things  | power nap | Documentary  | penpal | coding  | Tutorial ,Normal
20/03/2021,Mar-20,Saturday,3:42 AM,yolo,reading | learning  | prayer | fasting  | walk | meditation  | shower | writing | Watching series  | good meal | reddit | language learning  | shave  | streaming  | youtube | cooking | travel | power nap | songs | Documentary  | penpal | coding  | Tutorial ,Good
19/03/2021,Mar-19,Friday,3:41 AM,blessed ,reading | learning  | prayer | fasting  | Quran  | walk | meditation  | shower | podcast | Audio books  | writing | Watching series  | News Update | good meal | reddit | language learning  | streaming  | youtube | cooking | research  | new things  | power nap | Documentary  | penpal | coding  | Tutorial ,Good
18/03/2021,Mar-18,Thursday,3:39 AM,focused ,reading | prayer | fasting  | walk | meditation  | shower | Audio books  | writing | Watching series  | good meal | reddit | language learning  | streaming  | youtube | movies | cleaning | research  | new things  | power nap | songs | Documentary  | penpal | coding  | Tutorial ,Good
17/03/2021,Mar-17,Wednesday,10:04 PM,focused ,reading | learning  | prayer | fasting  | Exercise  | walk | meditation  | shower | Audio books  | writing | Watching series  | News Update | reddit | language learning  | streaming  | youtube | cooking | research  | new things  | power nap | Documentary  | penpal | coding  | Tutorial ,Good
16/03/2021,Mar-16,Tuesday,9:04 PM,weak,reading | learning  | Art | prayer | walk | meditation  | shower | writing | Watching series  | News Update | good meal | reddit | language learning  | shave  | streaming  | youtube | cooking | research  | new things  | power nap | Documentary  | penpal | coding  | Tutorial ,Normal
15/03/2021,Mar-15,Monday,9:07 PM,focused ,reading | learning  | prayer | fasting  | walk | meditation  | shower | Audio books  | writing | Watching series  | good meal | language learning  | shave  | streaming  | youtube | cooking | new things  | songs | Documentary  | penpal | coding  | Tutorial ,Good
14/03/2021,Mar-14,Sunday,9:00 PM,focused ,reading | learning  | prayer | fasting  | walk | meditation  | podcast | Audio books  | writing | Watching series  | good meal | reddit | language learning  | streaming  | youtube | cooking | research  | new things  | power nap | Documentary  | penpal | coding  | Tutorial ,Good
13/03/2021,Mar-13,Saturday,9:12 PM,focused ,reading | learning  | Write dairy  | prayer | fasting  | walk | meditation  | shower | Audio books  | writing | Watching series  | News Update | reddit | language learning  | streaming  | youtube | cooking | research  | power nap | Documentary  | penpal | coding  | Tutorial ,Good
12/03/2021,Mar-12,Friday,9:01 PM,focused ,reading | learning  | prayer | fasting  | walk | meditation  | podcast | Audio books  | writing | Watching series  | good meal | reddit | language learning  | streaming  | youtube | cooking | cleaning | research  | new things  | power nap | songs | Documentary  | penpal | coding  | Tutorial ,Good
11/03/2021,Mar-11,Thursday,9:06 PM,excited ,reading | learning  | Art | prayer | fasting  | Quran  | walk | meditation  | shower | Audio books  | writing | Watching series  | good meal | reddit | language learning  | streaming  | youtube | cooking | research  | new things  | Email | Documentary  | penpal | coding  | Tutorial ,Amazing
10/03/2021,Mar-10,Wednesday,10:00 PM,focused ,reading | learning  | Art | prayer | walk | meditation  | Audio books  | writing | Watching series  | good meal | reddit | language learning  | streaming  | youtube | cooking | cleaning | research  | new things  | power nap | Documentary  | penpal | coding  | Tutorial ,Good
09/03/2021,Mar-09,Tuesday,10:11 PM,focused ,learning  | prayer | fasting  | walk | meditation  | shower | Audio books  | writing | Watching series  | good meal | language learning  | shave  | streaming  | youtube | cooking | cleaning | new things  | power nap | penpal | coding  | Tutorial ,Good
08/03/2021,Mar-08,Monday,1:04 PM,meh,learning  | prayer | fasting  | walk | meditation  | shower | Audio books  | writing | Watching series  | good meal | reddit | language learning  | streaming  | youtube | cooking | cleaning | research  | power nap | Documentary  | penpal | coding  | Tutorial ,Normal
07/03/2021,Mar-07,Sunday,1:03 PM,blessed ,learning  | Art | prayer | fasting  | Quran  | walk | meditation  | shower | podcast | Audio books  | writing | Watching series  | good meal | reddit | language learning  | streaming  | youtube | cooking | cleaning | research  | new things  | power nap | songs | designing  | Documentary  | penpal | coding  | Tutorial ,Good
06/03/2021,Mar-06,Saturday,1:02 PM,focused ,reading | learning  | Art | prayer | fasting  | walk | meditation  | shower | Audio books  | writing | Watching series  | good meal | reddit | language learning  | streaming  | youtube | cooking | cleaning | research  | new things  | power nap | Documentary  | coding  | Tutorial  | love,Good
05/03/2021,Mar-05,Friday,9:35 PM,wondering,prayer | walk | meditation  | shower | Audio books  | good meal | reddit | streaming  | youtube | cooking | power nap | Email | Documentary  | coding ,Normal
04/03/2021,Mar-04,Thursday,9:05 PM,focused ,Art | prayer | fasting  | walk | meditation  | shower | Audio books  | writing | Watching series  | good meal | reddit | language learning  | streaming  | youtube | cooking | cleaning | research  | power nap | Documentary  | coding  | Tutorial ,Good
03/03/2021,Mar-03,Wednesday,10:43 PM,focused ,reading | Art | prayer | fasting  | meditation  | shower | Audio books  | writing | Watching series  | good meal | reddit | language learning  | streaming  | youtube | cooking | research  | new things  | power nap | Documentary  | coding  | Tutorial  | love,Good
02/03/2021,Mar-02,Tuesday,9:27 PM,focused ,reading | learning  | prayer | fasting  | walk | meditation  | shower | Audio books  | writing | Watching series  | reddit | language learning  | streaming  | youtube | cooking | research  | new things  | power nap | songs | Documentary  | penpal | coding  | Tutorial ,Good
01/03/2021,Mar-01,Monday,8:02 PM,awful,reading | learning  | fasting  | meditation  | Audio books  | writing | Watching series  | News Update | good meal | reddit | language learning  | streaming  | youtube | cooking | research  | power nap | Documentary  | coding  | Tutorial ,Awful
28/02/2021,Feb-28,Sunday,9:00 PM,focused ,reading | learning  | Art | fasting  | walk | meditation  | podcast | Audio books  | writing | Watching series  | News Update | good meal | reddit | language learning  | streaming  | youtube | cooking | cleaning | research  | new things  | power nap | Documentary  | coding  | love,Good
27/02/2021,Feb-27,Saturday,9:00 PM,focused ,reading | learning  | prayer | fasting  | walk | meditation  | shower | Audio books  | writing | Watching series  | good meal | reddit | language learning  | Poetry  | streaming  | youtube | cooking | research  | new things  | songs | repair | penpal | coding  | Tutorial  | Recording ,Good
26/02/2021,Feb-26,Friday,1:38 AM,focused ,reading | learning  | prayer | fasting  | walk | meditation  | Audio books  | writing | Watching series  | good meal | reddit | language learning  | yoga | Poetry  | streaming  | youtube | cooking | cleaning | research  | new things  | power nap | songs | repair | Documentary  | penpal | coding  | Tutorial  | love,Good
25/02/2021,Feb-25,Thursday,1:39 AM,blessed ,reading | learning  | Art | prayer | fasting  | meditation  | shower | podcast | Audio books  | writing | Watching series  | good meal | language learning  | yoga | streaming  | youtube | cooking | cleaning | research  | new things  | power nap | songs | designing  | Documentary  | penpal | coding  | Tutorial ,Good
24/02/2021,Feb-24,Wednesday,1:38 AM,focused ,reading | learning  | prayer | fasting  | Exercise  | meditation  | shower | Audio books  | writing | Watching series  | good meal | reddit | language learning  | streaming  | youtube | cooking | cleaning | research  | new things  | power nap | songs | repair | Documentary  | penpal | coding  | Tutorial  | love | Recording ,Good
23/02/2021,Feb-23,Tuesday,9:58 PM,weak,reading | learning  | fasting  | walk | meditation  | podcast | Audio books  | writing | Watching series  | good meal | reddit | language learning  | streaming  | youtube | cooking | cleaning | research  | new things  | power nap | songs | Documentary  | penpal | coding  | Tutorial ,Normal
22/02/2021,Feb-22,Monday,9:58 PM,focused ,reading | learning  | fasting  | walk | shower | podcast | Audio books  | writing | Watching series  | good meal | language learning  | streaming  | youtube | cooking | cleaning | research  | new things  | power nap | Documentary  | penpal | coding  | Tutorial ,Good
21/02/2021,Feb-21,Sunday,11:04 PM,blessed ,reading | learning  | fasting  | walk | shower | podcast | Audio books  | writing | Watching series  | good meal | reddit | language learning  | yoga | streaming  | youtube | cooking | cleaning | research  | new things  | power nap | songs | designing  | repair | Documentary  | penpal | coding  | Tutorial ,Good
20/02/2021,Feb-20,Saturday,8:00 PM,wondering,reading | prayer | fasting  | walk | meditation  | shower | Audio books  | writing | Watching series  | good meal | reddit | language learning  | streaming  | youtube | cooking | research  | new things  | power nap | designing  | Documentary  | penpal | coding  | Tutorial ,Normal
19/02/2021,Feb-19,Friday,11:51 PM,Cool,reading | prayer | fasting  | walk | shower | Audio books  | writing | Watching series  | good meal | reddit | language learning  | streaming  | youtube | cooking | cleaning | research  | new things  | power nap | Documentary  | penpal | coding  | Tutorial ,Amazing
18/02/2021,Feb-18,Thursday,8:27 PM,weak,learning  | Art | prayer | fasting  | meditation  | shower | Audio books  | writing | Watching series  | News Update | good meal | reddit | language learning  | streaming  | youtube | cooking | cleaning | research  | new things  | power nap | Documentary  | penpal | coding  | Tutorial ,Normal
17/02/2021,Feb-17,Wednesday,10:19 PM,excited ,reading | learning  | fasting  | shower | Audio books  | Watching series  | good meal | language learning  | streaming  | youtube | cooking | cleaning | research  | new things  | power nap | Documentary  | penpal | coding  | Tutorial ,Amazing
16/02/2021,Feb-16,Tuesday,9:02 PM,weak,reading | learning  | walk | meditation  | reddit | language learning  | streaming  | youtube | cooking | cleaning | research  | new things  | power nap | Documentary ,Normal
15/02/2021,Feb-15,Monday,12:18 PM,Cool,reading | learning  | fasting  | walk | writing | Watching series  | good meal | reddit | language learning  | streaming  | youtube | cooking | cleaning | research  | new things  | power nap | songs | designing  | Documentary  | penpal | coding  | Tutorial ,Amazing
14/02/2021,Feb-14,Sunday,12:17 PM,worried ,reading | learning  | fasting  | walk | writing | Watching series  | News Update | good meal | reddit | language learning  | streaming  | youtube | cooking | cleaning | research  | new things  | power nap | Documentary  | penpal | coding  | Tutorial ,Bad
13/02/2021,Feb-13,Saturday,12:16 PM,blessed ,reading | learning  | prayer | fasting  | walk | meditation  | shower | Audio books  | writing | Watching series  | reddit | language learning  | streaming  | youtube | cooking | cleaning | research  | new things  | family | songs | Documentary  | penpal | coding  | Tutorial  | love,Good
12/02/2021,Feb-12,Friday,9:10 PM,worried ,reading | learning  | prayer | fasting  | walk | meditation  | shower | Audio books  | Watching series  | reddit | language learning  | streaming  | youtube | cooking | cleaning | research  | power nap | Email | Documentary  | penpal | coding  | Tutorial ,Bad
11/02/2021,Feb-11,Thursday,9:00 PM,Cool,reading | learning  | fasting  | walk | Audio books  | Watching series  | good meal | language learning  | streaming  | youtube | cooking | cleaning | research  | new things  | power nap | Documentary  | penpal | coding  | Tutorial  | love,Amazing
10/02/2021,Feb-10,Wednesday,9:01 PM,focused ,reading | learning  | fasting  | Exercise  | shower | writing | Watching series  | good meal | reddit | language learning  | streaming  | youtube | cooking | cleaning | research  | power nap | Documentary  | penpal | coding  | Tutorial ,Good
09/02/2021,Feb-09,Tuesday,9:54 PM,focused ,reading | learning  | fasting  | walk | meditation  | Audio books  | writing | News Update | reddit | language learning  | streaming  | youtube | cooking | cleaning | research  | new things  | power nap | Documentary  | penpal | coding  | Tutorial ,Good
08/02/2021,Feb-08,Monday,8:00 PM,focused ,reading | learning  | fasting  | Exercise  | shower | Audio books  | writing | Watching series  | good meal | reddit | language learning  | streaming  | youtube | cooking | cleaning | research  | new things  | power nap | Documentary  | penpal | coding  | Tutorial  | love,Good
07/02/2021,Feb-07,Sunday,12:17 AM,focused ,reading | learning  | fasting  | walk | shower | Audio books  | writing | Watching series  | good meal | reddit | language learning  | streaming  | youtube | movies | cooking | cleaning | research  | new things  | power nap | songs | repair | Documentary  | penpal | coding  | Tutorial ,Good
06/02/2021,Feb-06,Saturday,11:18 PM,focused ,reading | learning  | fasting  | walk | Audio books  | writing | Watching series  | good meal | reddit | language learning  | streaming  | youtube | cooking | cleaning | research  | power nap | Documentary  | penpal | coding  | Tutorial  | love,Good
05/02/2021,Feb-05,Friday,10:47 PM,focused ,reading | learning  | prayer | fasting  | walk | meditation  | shower | Audio books  | writing | Watching series  | good meal | reddit | language learning  | streaming  | youtube | cooking | holotropic  | research  | new things  | power nap | songs | repair | Documentary  | penpal | coding  | Tutorial ,Good
04/02/2021,Feb-04,Thursday,9:09 PM,blessed ,reading | learning  | fasting  | walk | meditation  | shower | writing | Watching series  | News Update | language learning  | youtube | movies | cooking | cleaning | research  | new things  | power nap | Documentary  | penpal | coding  | Tutorial  | love,Good
03/02/2021,Feb-03,Wednesday,9:48 PM,focused ,reading | learning  | fasting  | walk | meditation  | Audio books  | writing | Watching series  | News Update | good meal | reddit | language learning  | streaming  | youtube | movies | cooking | research  | new things  | power nap | songs | designing  | Documentary  | penpal | coding  | Tutorial  | love | Recording ,Good
02/02/2021,Feb-02,Tuesday,9:47 PM,over the moon ,reading | learning  | fasting  | walk | meditation  | shower | Audio books  | writing | Watching series  | News Update | good meal | reddit | language learning  | streaming  | youtube | movies | cooking | travel | cleaning | research  | new things  | power nap | songs | Documentary  | penpal | coding  | Tutorial  | love,Amazing
01/02/2021,Feb-01,Monday,9:46 PM,Cool,reading | prayer | fasting  | Exercise  | walk | meditation  | shower | Audio books  | writing | Watching series  | good meal | reddit | language learning  | Poetry  | streaming  | youtube | movies | cooking | holotropic  | travel | cleaning | research  | new things  | power nap | Documentary  | penpal | coding  | Tutorial ,Amazing
31/01/2021,Jan-31,Sunday,9:46 PM,weak,reading | learning  | fasting  | Audio books  | writing | Watching series  | language learning  | yoga | shave  | Poetry  | streaming  | youtube | movies | cooking | cleaning | research  | new things  | power nap | Documentary  | penpal | coding  | Tutorial ,Normal
30/01/2021,Jan-30,Saturday,9:45 PM,yolo,reading | learning  | prayer | fasting  | walk | meditation  | shower | Audio books  | writing | Watching series  | News Update | reddit | language learning  | streaming  | youtube | movies | cooking | cleaning | research  | new things  | power nap | Email | Documentary  | penpal | coding  | Tutorial ,Good
29/01/2021,Jan-29,Friday,9:45 PM,wondering,reading | learning  | fasting  | meditation  | shower | writing | Watching series  | reddit | language learning  | streaming  | youtube | movies | cooking | cleaning | research  | new things  | power nap | Documentary  | penpal | party | coding  | Tutorial ,Normal
28/01/2021,Jan-28,Thursday,9:44 PM,blessed ,reading | learning  | fasting  | Audio books  | writing | Watching series  | News Update | good meal | reddit | language learning  | streaming  | youtube | movies | cooking | cleaning | research  | new things  | power nap | Documentary  | penpal | coding  | Tutorial ,Good
27/01/2021,Jan-27,Wednesday,9:44 PM,focused ,reading | learning  | fasting  | meditation  | Audio books  | Watching series  | reddit | language learning  | streaming  | youtube | movies | cooking | cleaning | research  | new things  | power nap | Documentary  | penpal | coding  | Tutorial  | love,Good
26/01/2021,Jan-26,Tuesday,9:43 PM,Cool,reading | learning  | prayer | fasting  | walk | meditation  | shower | Audio books  | writing | Watching series  | good meal | reddit | language learning  | streaming  | youtube | movies | cooking | holotropic  | research  | new things  | power nap | Documentary  | penpal | coding  | Tutorial ,Amazing
25/01/2021,Jan-25,Monday,2:03 AM,excited ,reading | learning  | fasting  | walk | shower | Audio books  | writing | Watching series  | News Update | good meal | reddit | language learning  | shave  | streaming  | youtube | cooking | cleaning | research  | new things  | power nap | Documentary  | penpal | coding  | Tutorial  | love,Amazing
24/01/2021,Jan-24,Sunday,9:10 PM,blessed ,Write dairy  | fasting  | walk | meditation  | shower | Audio books  | writing | Watching series  | reddit | language learning  | streaming  | youtube | cooking | cleaning | research  | new things  | power nap | Documentary  | penpal | coding  | Tutorial  | love,Good
23/01/2021,Jan-23,Saturday,1:21 PM,Chill,reading | prayer | fasting  | walk | Audio books  | writing | Watching series  | reddit | language learning  | streaming  | youtube | cooking | cleaning | research  | new things  | power nap | Documentary  | penpal | coding  | Tutorial ,Good
22/01/2021,Jan-22,Friday,1:19 PM,angry,reading | learning  | prayer | fasting  | walk | Audio books  | writing | Watching series  | good meal | reddit | language learning  | streaming  | youtube | cooking | cleaning | research  | new things  | power nap | Documentary  | penpal | coding  | Tutorial ,Awful
21/01/2021,Jan-21,Thursday,1:20 PM,focused ,reading | learning  | fasting  | walk | meditation  | shower | writing | Watching series  | reddit | language learning  | streaming  | youtube | cooking | cleaning | research  | new things  | power nap | Documentary  | penpal | coding  | Tutorial ,Good
20/01/2021,Jan-20,Wednesday,1:20 PM,focused ,reading | learning  | fasting  | walk | shower | Audio books  | writing | good meal | language learning  | streaming  | youtube | cooking | cleaning | new things  | power nap | songs | designing  | Documentary  | penpal | coding  | Tutorial ,Good
19/01/2021,Jan-19,Tuesday,9:29 PM,wondering,reading | learning  | fasting  | walk | meditation  | shower | Audio books  | writing | Watching series  | News Update | good meal | reddit | language learning  | streaming  | youtube | cooking | cleaning | research  | new things  | power nap | Documentary  | penpal | coding  | Tutorial ,Normal
18/01/2021,Jan-18,Monday,10:00 PM,yolo,reading | prayer | fasting  | meditation  | shower | Dota 2 | podcast | Audio books  | writing | good meal | streaming  | youtube | movies | cooking | cleaning | research  | power nap | Documentary  | penpal | coding  | Tutorial ,Good
17/01/2021,Jan-17,Sunday,11:50 PM,focused ,learning  | Art | fasting  | meditation  | shower | Audio books  | writing | Watching series  | reddit | language learning  | streaming  | youtube | cleaning | research  | family | power nap | coding  | love,Good
16/01/2021,Jan-16,Saturday,9:26 PM,focused ,reading | prayer | fasting  | meditation  | shower | Audio books  | writing | Watching series  | News Update | good meal | reddit | language learning  | streaming  | youtube | cooking | travel | research  | new things  | power nap | Documentary  | penpal | coding  | Tutorial ,Good
15/01/2021,Jan-15,Friday,9:35 PM,excited ,reading | learning  | prayer | fasting  | meditation  | shower | Dota 2 | Audio books  | writing | Watching series  | News Update | reddit | streaming  | youtube | cooking | cleaning | research  | power nap | Documentary  | penpal | coding  | Tutorial ,Amazing
14/01/2021,Jan-14,Thursday,9:35 PM,yolo,reading | learning  | prayer | fasting  | Exercise  | walk | meditation  | Audio books  | writing | Watching series  | News Update | good meal | reddit | language learning  | streaming  | youtube | cooking | cleaning | research  | new things  | power nap | songs | Documentary  | penpal | coding  | Tutorial  | Recording ,Good
13/01/2021,Jan-13,Wednesday,10:01 PM,weak,reading | prayer | meditation  | shower | Audio books  | writing | Watching series  | good meal | reddit | language learning  | streaming  | youtube | cooking | research  | new things  | power nap | repair | Documentary  | penpal | coding  | Tutorial ,Normal
12/01/2021,Jan-12,Tuesday,9:46 PM,Cool,learning  | walk | streaming  | youtube | cooking | research  | new things  | Documentary  | coding ,Amazing
11/01/2021,Jan-11,Monday,9:55 PM,Cool,reading | fasting  | meditation  | shower | Audio books  | writing | Watching series  | News Update | good meal | reddit | language learning  | yoga | streaming  | youtube | cleaning | research  | family | power nap | repair | Documentary  | penpal | coding  | Tutorial  | love,Amazing
10/01/2021,Jan-10,Sunday,11:20 PM,focused ,reading | learning  | Art | prayer | fasting  | meditation  | shower | writing | Watching series  | reddit | language learning  | yoga | streaming  | youtube | cooking | travel | cleaning | research  | new things  | family | power nap | songs | Documentary  | penpal | coding ,Good
09/01/2021,Jan-09,Saturday,9:20 PM,focused ,reading | learning  | Art | fasting  | meditation  | shower | Audio books  | writing | Watching series  | News Update | good meal | reddit | language learning  | streaming  | youtube | movies | cooking | cleaning | research  | new things  | power nap | Documentary  | penpal | coding  | Tutorial  | love,Good
08/01/2021,Jan-08,Friday,6:00 PM,happiest day,reading | learning  | prayer | fasting  | walk | meditation  | shower | podcast | Audio books  | writing | Watching series  | News Update | good meal | reddit | language learning  | yoga | streaming  | youtube | movies | cooking | holotropic  | travel | cleaning | research  | new things  | family | power nap | songs | designing  | repair | Documentary  | penpal | coding  | Tutorial ,Amazing
07/01/2021,Jan-07,Thursday,5:59 PM,over the moon ,reading | learning  | prayer | fasting  | walk | meditation  | shower | Audio books  | writing | Watching series  | News Update | good meal | reddit | language learning  | streaming  | youtube | cooking | cleaning | research  | new things  | power nap | songs | Documentary  | coding  | Tutorial ,Amazing
06/01/2021,Jan-06,Wednesday,5:58 PM,blessed ,reading | Art | fasting  | walk | meditation  | shower | Audio books  | writing | Watching series  | News Update | good meal | reddit | language learning  | streaming  | youtube | cooking | cleaning | research  | new things  | power nap | repair | Documentary  | penpal | coding  | Tutorial  | love,Good
05/01/2021,Jan-05,Tuesday,5:57 PM,weak,reading | learning  | Art | fasting  | walk | shower | Audio books  | writing | good meal | reddit | language learning  | streaming  | youtube | movies | cooking | cleaning | research  | new things  | power nap | songs | Documentary  | penpal | coding  | Tutorial ,Normal
04/01/2021,Jan-04,Monday,5:57 PM,over the moon ,reading | learning  | prayer | fasting  | meditation  | shower | Audio books  | writing | Watching series  | News Update | reddit | language learning  | streaming  | youtube | cooking | cleaning | research  | new things  | penpal | coding  | Tutorial  | love,Amazing
03/01/2021,Jan-03,Sunday,5:56 PM,excited ,reading | prayer | fasting  | meditation  | shower | Audio books  | writing | Watching series  | good meal | reddit | language learning  | Poetry  | streaming  | youtube | cooking | research  | new things  | family | Documentary  | penpal | coding  | Tutorial ,Amazing
02/01/2021,Jan-02,Saturday,5:56 PM,focused ,reading | learning  | prayer | fasting  | walk | shower | Audio books  | writing | Watching series  | News Update | good meal | reddit | language learning  | streaming  | youtube | movies | cooking | research  | new things  | power nap | Documentary  | penpal | coding  | Tutorial ,Good
01/01/2021,Jan-01,Friday,5:55 PM,yolo,reading | learning  | Art | prayer | fasting  | walk | meditation  | shower | Audio books  | writing | Watching series  | News Update | good meal | reddit | language learning  | streaming  | youtube | movies | cooking | cleaning | research  | power nap | songs | repair | penpal | coding  | Tutorial ,Good
31/12/2020,Dec-31,Thursday,12:36 PM,excited ,reading | learning  | Art | prayer | fasting  | meditation  | shower | Audio books  | writing | Watching series  | News Update | good meal | reddit | streaming  | youtube | cooking | cleaning | research  | new things  | power nap | repair | Documentary  | penpal | coding  | Tutorial ,Amazing
30/12/2020,Dec-30,Wednesday,12:36 PM,wondering,reading | learning  | fasting  | Audio books  | writing | Watching series  | good meal | reddit | language learning  | streaming  | youtube | cooking | cleaning | research  | power nap | Documentary  | penpal | coding  | Tutorial  | Recording ,Normal
29/12/2020,Dec-29,Tuesday,12:35 PM,focused ,reading | learning  | prayer | fasting  | meditation  | shower | Audio books  | writing | Watching series  | News Update | good meal | reddit | language learning  | streaming  | youtube | cooking | cleaning | research  | new things  | power nap | songs | repair | Documentary  | penpal | coding  | Tutorial  | love,Good
28/12/2020,Dec-28,Monday,9:01 PM,yolo,reading | fasting  | shower | Audio books  | writing | Watching series  | language learning  | streaming  | youtube | cooking | travel | research  | new things  | power nap | Documentary  | penpal | coding  | Tutorial ,Good
27/12/2020,Dec-27,Sunday,10:32 PM,blessed ,reading | learning  | prayer | fasting  | walk | shower | Audio books  | writing | Watching series  | News Update | good meal | reddit | streaming  | youtube | cooking | cleaning | research  | new things  | power nap | songs | Documentary  | penpal | coding  | Tutorial ,Good
26/12/2020,Dec-26,Saturday,9:38 PM,wondering,reading | learning  | walk | Audio books  | writing | Watching series  | good meal | reddit | streaming  | youtube | cooking | cleaning | research  | power nap | designing  | repair | penpal | coding  | Tutorial ,Normal
25/12/2020,Dec-25,Friday,7:08 PM,focused ,reading | learning  | prayer | fasting  | shower | Audio books  | writing | Watching series  | News Update | good meal | reddit | streaming  | youtube | cooking | travel | cleaning | new things  | power nap | penpal,Good
24/12/2020,Dec-24,Thursday,9:22 PM,focused ,reading | Art | fasting  | walk | shower | podcast | Audio books  | writing | Watching series  | News Update | good meal | reddit | language learning  | streaming  | youtube | cooking | research  | new things  | power nap | songs | Documentary  | penpal | coding  | Tutorial  | love,Good
23/12/2020,Dec-23,Wednesday,9:23 PM,focused ,reading | learning  | prayer | meditation  | shower | Dota 2 | podcast | Audio books  | writing | Watching series  | good meal | reddit | language learning  | streaming  | youtube | cooking | cleaning | research  | new things  | power nap | repair | Documentary  | penpal | coding  | Tutorial  | love,Good
22/12/2020,Dec-22,Tuesday,3:21 AM,focused ,reading | learning  | Art | fasting  | shower | Audio books  | writing | Watching series  | good meal | reddit | language learning  | streaming  | youtube | cooking | travel | research  | power nap | Documentary  | penpal | coding  | Tutorial  | love,Good
21/12/2020,Dec-21,Monday,3:22 AM,Chill,reading | learning  | shower | Audio books  | writing | Watching series  | News Update | good meal | reddit | language learning  | streaming  | youtube | cooking | cleaning | research  | new things  | power nap | Documentary  | penpal | coding  | Tutorial ,Good
20/12/2020,Dec-20,Sunday,3:21 AM,focused ,reading | learning  | Art | Write dairy  | prayer | fasting  | walk | shower | writing | reddit | language learning  | streaming  | youtube | cooking | research  | new things  | power nap | songs | Documentary  | penpal | coding  | Tutorial ,Good
19/12/2020,Dec-19,Saturday,9:34 PM,focused ,reading | learning  | fasting  | Audio books  | writing | Watching series  | good meal | reddit | language learning  | streaming  | youtube | cooking | cleaning | research  | new things  | power nap | penpal | party | coding  | Tutorial  | love,Good
18/12/2020,Dec-18,Friday,10:59 PM,angry,reading | learning  | prayer | fasting  | shower | Audio books  | writing | Watching series  | News Update | good meal | reddit | language learning  | streaming  | youtube | cooking | travel | research  | new things  | power nap | Documentary  | penpal | coding  | Tutorial ,Awful
17/12/2020,Dec-17,Thursday,3:31 PM,triggered ,reading | learning  | Art | fasting  | shower | podcast | Audio books  | writing | Watching series  | good meal | reddit | language learning  | streaming  | youtube | cooking | travel | research  | new things  | power nap | designing  | Documentary  | penpal | coding  | Tutorial ,Awful
16/12/2020,Dec-16,Wednesday,8:00 PM,focused ,reading | learning  | prayer | fasting  | shower | Audio books  | writing | Watching series  | good meal | reddit | language learning  | streaming  | youtube | cooking | cleaning | research  | new things  | power nap | repair | penpal | coding  | Tutorial  | love,Good
15/12/2020,Dec-15,Tuesday,9:09 PM,focused ,reading | fasting  | Quran  | walk | Audio books  | writing | Watching series  | News Update | good meal | reddit | language learning  | streaming  | youtube | cooking | cleaning | research  | power nap | penpal | coding  | Tutorial  | love,Good
14/12/2020,Dec-14,Monday,10:15 PM,blessed ,reading | learning  | fasting  | walk | Audio books  | writing | Watching series  | good meal | reddit | language learning  | streaming  | youtube | cooking | cleaning | research  | new things  | power nap | Documentary  | penpal | coding  | Tutorial  | love,Good
13/12/2020,Dec-13,Sunday,9:02 PM,focused ,reading | learning  | Art | prayer | fasting  | walk | shower | Audio books  | writing | Watching series  | News Update | good meal | reddit | language learning  | streaming  | youtube | cooking | cleaning | new things  | power nap | penpal | coding  | Tutorial ,Good
12/12/2020,Dec-12,Saturday,9:16 PM,worried ,learning  | Art | walk | shower | Dota 2 | Audio books  | writing | Watching series  | News Update | good meal | reddit | language learning  | streaming  | youtube | cooking | research  | new things  | power nap | songs | penpal | coding  | Tutorial ,Bad
11/12/2020,Dec-11,Friday,9:04 PM,sad af,learning  | walk | Audio books  | writing | Watching series  | streaming  | youtube | cleaning | research  | new things  | penpal | coding  | Tutorial  | love,Awful
10/12/2020,Dec-10,Thursday,9:17 PM,focused ,reading | Art | prayer | fasting  | walk | shower | Audio books  | writing | Watching series  | News Update | reddit | language learning  | streaming  | youtube | movies | cooking | research  | new things  | power nap | Documentary  | penpal | coding  | Tutorial  | love,Good
09/12/2020,Dec-09,Wednesday,10:10 PM,focused ,reading | Art | fasting  | walk | shower | Watching series  | News Update | reddit | language learning  | streaming  | youtube | cooking | research  | new things  | power nap | Documentary  | penpal | coding  | Tutorial ,Good
08/12/2020,Dec-08,Tuesday,10:10 PM,worried ,reading | prayer | fasting  | walk | Audio books  | writing | Watching series  | good meal | reddit | language learning  | streaming  | youtube | cooking | travel | research  | new things  | penpal | coding  | Tutorial ,Bad
07/12/2020,Dec-07,Monday,8:54 PM,yolo,reading | learning  | Art | fasting  | walk | shower | podcast | Audio books  | writing | Watching series  | News Update | good meal | reddit | language learning  | streaming  | youtube | cooking | cleaning | research  | new things  | power nap | Documentary  | penpal | coding  | Tutorial  | love,Good
06/12/2020,Dec-06,Sunday,10:30 PM,scared ,reading | learning  | prayer | fasting  | walk | meditation  | shower | Audio books  | writing | Watching series  | News Update | good meal | reddit | language learning  | streaming  | youtube | cooking | new things  | power nap | songs | Documentary  | penpal | coding  | Tutorial  | love,Bad
05/12/2020,Dec-05,Saturday,9:22 PM,blessed ,reading | learning  | prayer | fasting  | walk | shower | Dota 2 | podcast | Audio books  | writing | Watching series  | News Update | good meal | reddit | language learning  | streaming  | youtube | cooking | research  | new things  | power nap | songs | repair | Documentary  | penpal | coding  | Tutorial  | love | Recording ,Good
04/12/2020,Dec-04,Friday,10:43 PM,focused ,reading | Art | prayer | fasting  | Quran  | walk | meditation  | shower | Audio books  | writing | Watching series  | News Update | good meal | reddit | language learning  | streaming  | youtube | cooking | travel | new things  | power nap | songs | penpal | coding  | Tutorial  | love,Good
03/12/2020,Dec-03,Thursday,10:52 PM,focused ,reading | learning  | prayer | fasting  | walk | meditation  | shower | Audio books  | writing | Watching series  | News Update | good meal | reddit | language learning  | streaming  | youtube | cooking | research  | new things  | power nap | songs | Documentary  | penpal | coding  | Tutorial  | love | Recording ,Good
02/12/2020,Dec-02,Wednesday,2:59 AM,wondering,reading | learning  | Art | prayer | fasting  | walk | meditation  | shower | Audio books  | writing | Watching series  | News Update | good meal | reddit | language learning  | streaming  | youtube | cooking | cleaning | research  | new things  | power nap | Documentary  | penpal | coding  | Tutorial  | love,Normal
01/12/2020,Dec-01,Tuesday,9:01 PM,focused ,reading | learning  | prayer | fasting  | Quran  | walk | meditation  | shower | podcast | Audio books  | writing | Watching series  | good meal | reddit | language learning  | streaming  | youtube | cooking | cleaning | research  | new things  | power nap | Documentary  | penpal | coding  | Tutorial  | love,Good
30/11/2020,Nov-30,Monday,10:56 AM,focused ,reading | learning  | Art | fasting  | Quran  | shower | Audio books  | writing | Watching series  | good meal | reddit | language learning  | streaming  | youtube | cooking | cleaning | research  | new things  | power nap | Documentary  | penpal | coding  | Tutorial  | love,Good
29/11/2020,Nov-29,Sunday,10:55 AM,wondering,reading | fasting  | shower | podcast | Audio books  | writing | Watching series  | News Update | good meal | reddit | language learning  | streaming  | youtube | movies | cooking | research  | new things  | power nap | songs | Documentary  | penpal | coding  | Tutorial ,Normal
28/11/2020,Nov-28,Saturday,10:54 AM,focused ,reading | prayer | fasting  | walk | meditation  | shower | Audio books  | writing | Watching series  | News Update | good meal | reddit | streaming  | youtube | cooking | cleaning | research  | power nap | songs | penpal | coding  | Tutorial  | love,Good
27/11/2020,Nov-27,Friday,9:20 PM,weak,learning  | prayer | fasting  | shower | Audio books  | writing | Watching series  | reddit | language learning  | streaming  | youtube | cooking | research  | new things  | power nap | songs | penpal | coding  | Tutorial  | love,Normal
26/11/2020,Nov-26,Thursday,11:49 PM,focused ,reading | prayer | fasting  | meditation  | shower | writing | reddit | language learning  | streaming  | youtube | cooking | new things  | power nap | songs | designing  | Documentary  | penpal | coding  | Tutorial  | love,Good
25/11/2020,Nov-25,Wednesday,9:57 PM,focused ,reading | Art | fasting  | Audio books  | writing | good meal | reddit | language learning  | yoga | streaming  | youtube | cooking | research  | new things  | power nap | repair | Documentary  | penpal | coding  | Tutorial  | love,Good
24/11/2020,Nov-24,Tuesday,9:10 PM,yolo,learning  | prayer | fasting  | shower | Audio books  | writing | Watching series  | News Update | good meal | reddit | language learning  | streaming  | youtube | cooking | research  | new things  | power nap | Documentary  | penpal | coding  | Tutorial  | love,Good
23/11/2020,Nov-23,Monday,10:39 PM,focused ,Art | fasting  | shower | Audio books  | writing | Watching series  | good meal | language learning  | streaming  | youtube | cooking | cleaning | research  | new things  | power nap | songs | penpal | coding  | Tutorial  | love | Recording ,Good
22/11/2020,Nov-22,Sunday,10:21 PM,blessed ,reading | learning  | fasting  | walk | Audio books  | writing | Watching series  | News Update | reddit | language learning  | streaming  | youtube | cooking | travel | new things  | power nap | designing  | repair | Documentary  | penpal | coding  | Tutorial  | jobs | love,Good
21/11/2020,Nov-21,Saturday,11:42 AM,blessed ,learning  | Art | fasting  | shower | Audio books  | writing | Watching series  | reddit | language learning  | streaming  | youtube | cooking | research  | new things  | power nap | Documentary  | penpal | coding  | Tutorial ,Good
20/11/2020,Nov-20,Friday,9:19 PM,focused ,learning  | Art | Write dairy  | prayer | fasting  | walk | shower | Dota 2 | podcast | Audio books  | writing | Watching series  | good meal | reddit | yoga | Poetry  | streaming  | youtube | cooking | cleaning | research  | new things  | power nap | songs | designing  | Documentary  | penpal | coding  | Tutorial ,Good
19/11/2020,Nov-19,Thursday,10:42 PM,Cool,reading | Art | prayer | fasting  | walk | shower | podcast | Audio books  | writing | Watching series  | News Update | good meal | reddit | language learning  | streaming  | youtube | cooking | cleaning | research  | new things  | power nap | songs | designing  | Documentary  | penpal | coding  | Tutorial ,Amazing
18/11/2020,Nov-18,Wednesday,10:41 PM,excited ,learning  | prayer | fasting  | meditation  | shower | Audio books  | writing | Watching series  | News Update | good meal | reddit | language learning  | streaming  | youtube | cooking | cleaning | research  | new things  | power nap | Documentary  | penpal | coding  | Tutorial  | love,Amazing
18/11/2020,Nov-18,Wednesday,10:40 PM,blessed ,learning  | prayer | fasting  | walk | meditation  | shower | Audio books  | writing | Watching series  | News Update | good meal | reddit | language learning  | streaming  | youtube | cooking | cleaning | new things  | power nap | songs | designing  | Documentary  | penpal | coding  | Tutorial  | love,Good
17/11/2020,Nov-17,Tuesday,10:41 PM,focused ,reading | walk | meditation  | shower | Audio books  | writing | Watching series  | News Update | reddit | language learning  | streaming  | youtube | cooking | cleaning | research  | new things  | power nap | designing  | repair | Documentary  | penpal | coding  | Tutorial  | love | Recording ,Good
16/11/2020,Nov-16,Monday,10:39 PM,focused ,learning  | Art | prayer | fasting  | walk | meditation  | shower | podcast | Audio books  | Watching series  | News Update | good meal | reddit | language learning  | streaming  | youtube | cooking | cleaning | research  | new things  | power nap | designing  | repair | Documentary  | penpal | coding  | Tutorial  | love | Recording ,Good
15/11/2020,Nov-15,Sunday,11:31 PM,yolo,learning  | Art | fasting  | shower | Audio books  | writing | Watching series  | News Update | good meal | reddit | streaming  | youtube | cooking | cleaning | research  | new things  | power nap | Email | songs | repair | Documentary  | penpal | coding  | Tutorial  | love,Good
14/11/2020,Nov-14,Saturday,9:30 PM,hungry ,learning  | Art | fasting  | walk | shower | Audio books  | writing | Watching series  | News Update | good meal | reddit | language learning  | streaming  | youtube | cooking | cleaning | new things  | power nap | songs | designing  | repair | penpal | coding  | Tutorial  | love | Recording ,Good
13/11/2020,Nov-13,Friday,9:33 PM,yolo,learning  | Art | prayer | fasting  | walk | shower | Audio books  | writing | Watching series  | reddit | language learning  | Poetry  | streaming  | youtube | cooking | holotropic  | cleaning | research  | new things  | power nap | songs | designing  | repair | Documentary  | penpal | coding  | Tutorial  | jobs | Recording  | weight log,Good
12/11/2020,Nov-12,Thursday,10:41 PM,focused ,fasting  | Audio books  | writing | Watching series  | good meal | reddit | language learning  | yoga | streaming  | youtube | cooking | research  | power nap | songs | designing  | repair | penpal | coding  | Tutorial  | jobs,Good
11/11/2020,Nov-11,Wednesday,5:11 AM,excited ,learning  | Art | prayer | fasting  | walk | shower | Audio books  | writing | Watching series  | News Update | good meal | reddit | language learning  | streaming  | youtube | cooking | travel | research  | new things  | power nap | Email | songs | designing  | Documentary  | penpal | coding  | Tutorial  | love | Recording ,Amazing
10/11/2020,Nov-10,Tuesday,5:10 AM,focused ,Art | fasting  | Quran  | walk | shower | Audio books  | writing | Watching series  | News Update | good meal | reddit | language learning  | streaming  | youtube | cooking | cleaning | research  | new things  | power nap | songs | designing  | Documentary  | penpal | coding  | Tutorial  | love | Recording ,Good
09/11/2020,Nov-09,Monday,9:15 PM,good,learning  | prayer | fasting  | Quran  | walk | meditation  | shower | Dota 2 | podcast | Audio books  | writing | Watching series  | News Update | good meal | reddit | language learning  | shave  | streaming  | youtube | cooking | cleaning | research  | new things  | power nap | songs | designing  | repair | Documentary  | penpal | coding  | Tutorial ,Good
08/11/2020,Nov-08,Sunday,10:00 PM,yolo,learning  | prayer | fasting  | shower | Audio books  | writing | Watching series  | News Update | good meal | reddit | language learning  | streaming  | youtube | cooking | research  | new things  | family | power nap | songs | penpal | coding  | Tutorial  | love,Good
07/11/2020,Nov-07,Saturday,9:38 PM,excited ,learning  | fasting  | walk | Audio books  | writing | Watching series  | News Update | good meal | reddit | language learning  | streaming  | youtube | cooking | cleaning | research  | new things  | power nap | songs | designing  | repair | Documentary  | penpal | coding  | Tutorial  | love,Amazing
06/11/2020,Nov-06,Friday,9:00 PM,focused ,learning  | prayer | fasting  | walk | Audio books  | writing | Watching series  | News Update | good meal | reddit | language learning  | streaming  | youtube | cooking | cleaning | research  | new things  | power nap | songs | Documentary  | penpal | coding  | Tutorial  | Recording ,Good
05/11/2020,Nov-05,Thursday,9:48 PM,focused ,reading | Art | fasting  | shower | Audio books  | writing | Watching series  | News Update | good meal | reddit | language learning  | streaming  | youtube | cooking | cleaning | research  | new things  | power nap | designing  | Documentary  | penpal | coding  | Tutorial  | love,Good
04/11/2020,Nov-04,Wednesday,9:00 PM,focused ,learning  | Art | fasting  | walk | Audio books  | writing | Watching series  | News Update | good meal | reddit | language learning  | streaming  | youtube | cooking | cleaning | research  | new things  | power nap | songs | designing  | Documentary  | penpal | coding  | Tutorial  | jobs | love | Recording ,Good
03/11/2020,Nov-03,Tuesday,9:54 PM,Cool,learning  | Art | prayer | fasting  | shower | Audio books  | writing | Watching series  | News Update | good meal | reddit | language learning  | streaming  | youtube | cooking | research  | new things  | power nap | songs | designing  | Documentary  | penpal | coding  | Tutorial  | love | Recording ,Amazing
02/11/2020,Nov-02,Monday,9:03 PM,Cool,learning  | shower | podcast | Audio books  | writing | News Update | good meal | reddit | language learning  | streaming  | youtube | movies | cooking | cleaning | research  | new things  | power nap | songs | designing  | Documentary  | penpal | coding  | Tutorial  | love | Recording ,Amazing
01/11/2020,Nov-01,Sunday,9:35 PM,focused ,learning  | Art | fasting  | Audio books  | writing | Watching series  | News Update | good meal | reddit | language learning  | streaming  | youtube | cooking | cleaning | research  | new things  | power nap | Email | designing  | Documentary  | penpal | coding  | Tutorial ,Good
31/10/2020,Oct-31,Saturday,9:04 PM,hungry ,fasting  | walk | meditation  | Audio books  | writing | Watching series  | News Update | good meal | reddit | language learning  | streaming  | youtube | cooking | research  | new things  | power nap | songs | designing  | Documentary  | coding  | Tutorial  | love,Good
30/10/2020,Oct-30,Friday,9:34 PM,yolo,learning  | prayer | fasting  | Exercise  | walk | meditation  | shower | Dota 2 | Audio books  | writing | Watching series  | News Update | good meal | reddit | language learning  | streaming  | youtube | cleaning | research  | power nap | designing  | Documentary  | coding  | Tutorial  | love,Good
29/10/2020,Oct-29,Thursday,9:00 PM,hungry ,reading | learning  | fasting  | walk | meditation  | shower | podcast | Audio books  | writing | Watching series  | News Update | good meal | reddit | language learning  | streaming  | youtube | cooking | cleaning | research  | new things  | power nap | Documentary  | coding  | Tutorial ,Good
28/10/2020,Oct-28,Wednesday,9:00 PM,blessed ,fasting  | walk | shower | Audio books  | writing | Watching series  | News Update | good meal | reddit | language learning  | streaming  | youtube | movies | cooking | research  | power nap | Documentary  | coding  | Tutorial  | love | Recording ,Good
27/10/2020,Oct-27,Tuesday,9:58 PM,focused ,prayer | Quran  | walk | meditation  | shower | Audio books  | writing | Watching series  | News Update | good meal | reddit | language learning  | streaming  | youtube | cooking | research  | power nap | designing  | repair | Documentary  | coding  | Tutorial  | love | Recording ,Good
26/10/2020,Oct-26,Monday,9:07 PM,weak,learning  | prayer | fasting  | walk | meditation  | shower | Audio books  | writing | Watching series  | News Update | good meal | reddit | language learning  | streaming  | youtube | cooking | research  | new things  | power nap | Documentary  | coding  | Tutorial ,Normal
25/10/2020,Oct-25,Sunday,7:05 PM,blessed ,learning  | fasting  | walk | Watching series  | News Update | good meal | reddit | language learning  | streaming  | youtube | cooking | research  | new things  | power nap | coding  | Tutorial ,Good
24/10/2020,Oct-24,Saturday,11:22 PM,yolo,learning  | prayer | fasting  | walk | meditation  | Audio books  | writing | Watching series  | News Update | good meal | reddit | language learning  | streaming  | youtube | movies | cooking | cleaning | research  | power nap | songs | penpal | coding  | Tutorial  | jobs,Good
23/10/2020,Oct-23,Friday,10:35 PM,weak,reading | learning  | Art | prayer | fasting  | walk | meditation  | shower | Audio books  | writing | Watching series  | News Update | good meal | reddit | language learning  | Poetry  | streaming  | youtube | cooking | holotropic  | cleaning | research  | power nap | songs | Documentary  | penpal | coding  | Tutorial ,Normal
22/10/2020,Oct-22,Thursday,9:19 PM,focused ,learning  | prayer | fasting  | Quran  | walk | meditation  | shower | Audio books  | writing | Watching series  | News Update | good meal | reddit | language learning  | streaming  | youtube | cooking | research  | new things  | power nap | songs | Documentary  | penpal | coding  | Tutorial ,Good
21/10/2020,Oct-21,Wednesday,2:33 PM,blessed ,learning  | fasting  | Exercise  | meditation  | shower | Dota 2 | podcast | Audio books  | writing | Watching series  | News Update | good meal | reddit | language learning  | streaming  | youtube | cooking | cleaning | research  | power nap | songs | Documentary  | coding  | Tutorial ,Good
20/10/2020,Oct-20,Tuesday,10:23 PM,wondering,learning  | fasting  | walk | shower | Audio books  | Watching series  | News Update | good meal | reddit | language learning  | yoga | shave  | trimming  | Poetry  | streaming  | youtube | cooking | cleaning | research  | new things  | family | power nap | Email | Documentary  | penpal | coding  | Tutorial ,Normal
19/10/2020,Oct-19,Monday,9:50 PM,sad af,reading | learning  | prayer | fasting  | Quran  | walk | meditation  | shower | Dota 2 | podcast | Audio books  | writing | Watching series  | News Update | good meal | reddit | language learning  | streaming  | youtube | cooking | research  | new things  | songs | Documentary  | coding  | Tutorial ,Awful
18/10/2020,Oct-18,Sunday,9:06 PM,focused ,fasting  | Exercise  | Quran  | walk | meditation  | Audio books  | writing | Watching series  | News Update | good meal | reddit | language learning  | streaming  | youtube | cooking | cleaning | research  | power nap | Email | coding  | Tutorial ,Good
17/10/2020,Oct-17,Saturday,9:15 PM,focused ,prayer | fasting  | Exercise  | walk | meditation  | shower | Audio books  | writing | Watching series  | News Update | good meal | reddit | language learning  | streaming  | youtube | research  | new things  | Email | songs | repair | Documentary  | penpal | coding  | Tutorial ,Good
16/10/2020,Oct-16,Friday,9:18 PM,weak,learning  | Art | prayer | fasting  | walk | meditation  | shower | Dota 2 | Audio books  | writing | Watching series  | News Update | good meal | reddit | language learning  | streaming  | youtube | cooking | cleaning | research  | new things  | power nap | songs | Documentary  | penpal | coding  | Tutorial ,Normal
15/10/2020,Oct-15,Thursday,9:30 PM,focused ,learning  | prayer | fasting  | Quran  | walk | meditation  | shower | Audio books  | writing | Watching series  | News Update | good meal | reddit | language learning  | streaming  | youtube | cooking | cleaning | research  | new things  | power nap | Documentary  | penpal | coding  | Tutorial ,Good
14/10/2020,Oct-14,Wednesday,9:49 PM,focused ,learning  | fasting  | walk | meditation  | shower | Audio books  | writing | Watching series  | News Update | good meal | reddit | language learning  | Poetry  | streaming  | youtube | cooking | cleaning | research  | new things  | power nap | Email | songs | repair | penpal | coding  | Tutorial ,Good
13/10/2020,Oct-13,Tuesday,9:00 PM,focused ,learning  | prayer | fasting  | Quran  | walk | meditation  | shower | Audio books  | writing | Watching series  | News Update | good meal | reddit | language learning  | streaming  | youtube | cooking | cleaning | research  | new things  | power nap | Documentary  | penpal | coding  | Tutorial ,Good
12/10/2020,Oct-12,Monday,9:53 PM,focused ,learning  | prayer | fasting  | walk | meditation  | shower | Dota 2 | Audio books  | writing | Watching series  | News Update | good meal | reddit | language learning  | streaming  | youtube | cooking | cleaning | research  | new things  | power nap | Email | Documentary  | penpal | coding  | Tutorial ,Good
11/10/2020,Oct-11,Sunday,11:35 PM,confused ,learning  | fasting  | walk | meditation  | Watching series  | News Update | good meal | reddit | language learning  | streaming  | youtube | cooking | cleaning | research  | new things  | power nap | penpal | coding  | Tutorial ,Normal
10/10/2020,Oct-10,Saturday,10:18 PM,worried ,learning  | fasting  | walk | shower | Audio books  | Watching series  | News Update | good meal | reddit | language learning  | streaming  | youtube | cooking | travel | research  | power nap | Email | Documentary  | penpal | coding  | Tutorial ,Bad
09/10/2020,Oct-09,Friday,9:00 PM,worried ,learning  | prayer | fasting  | Exercise  | Quran  | walk | shower | Audio books  | Watching series  | News Update | good meal | reddit | language learning  | streaming  | youtube | cooking | cleaning | research  | new things  | power nap | Email | Documentary  | penpal | coding  | Tutorial ,Bad
08/10/2020,Oct-08,Thursday,8:54 PM,weak,Art | fasting  | walk | shower | Audio books  | writing | Watching series  | News Update | good meal | reddit | language learning  | streaming  | youtube | cleaning | research  | new things  | power nap | Documentary  | penpal | coding  | Tutorial ,Normal
07/10/2020,Oct-07,Wednesday,9:11 PM,confused ,learning  | Art | prayer | fasting  | Quran  | walk | shower | Audio books  | Watching series  | News Update | good meal | reddit | language learning  | streaming  | youtube | cooking | travel | cleaning | research  | new things  | power nap | Documentary  | penpal | coding  | Tutorial ,Normal
06/10/2020,Oct-06,Tuesday,9:02 PM,meh,learning  | Art | prayer | fasting  | Quran  | walk | meditation  | shower | Audio books  | writing | Watching series  | News Update | good meal | reddit | language learning  | streaming  | youtube | movies | cooking | cleaning | research  | new things  | power nap | Email | designing  | Documentary  | penpal | coding  | Tutorial ,Normal
05/10/2020,Oct-05,Monday,9:03 PM,meh,fasting  | walk | shower | Audio books  | Watching series  | News Update | good meal | reddit | language learning  | streaming  | youtube | cooking | cleaning | research  | new things  | power nap | Email | songs | designing  | Documentary  | penpal | coding  | Tutorial ,Normal
04/10/2020,Oct-04,Sunday,9:00 PM,wondering,learning  | Art | Audio books  | Watching series  | News Update | good meal | reddit | language learning  | Poetry  | streaming  | youtube | cooking | cleaning | research  | new things  | power nap | songs | Documentary  | penpal | coding  | Tutorial  | love,Normal
03/10/2020,Oct-03,Saturday,9:23 PM,meh,learning  | Art | fasting  | walk | shower | Dota 2 | Audio books  | writing | Watching series  | News Update | good meal | reddit | language learning  | streaming  | youtube | cooking | cleaning | research  | new things  | power nap | songs | Documentary  | penpal | coding  | Tutorial ,Normal
02/10/2020,Oct-02,Friday,9:30 PM,weak,learning  | Art | prayer | fasting  | Quran  | walk | shower | Audio books  | writing | Watching series  | News Update | good meal | reddit | language learning  | streaming  | youtube | cooking | cleaning | research  | new things  | power nap | repair | penpal | coding  | Tutorial ,Normal
01/10/2020,Oct-01,Thursday,2:00 PM,focused ,learning  | Art | prayer | fasting  | walk | meditation  | shower | Audio books  | writing | Watching series  | News Update | good meal | reddit | language learning  | Poetry  | streaming  | youtube | cooking | cleaning | research  | power nap | songs | Documentary  | penpal | coding  | Tutorial  | jobs,Good
30/09/2020,Sep-30,Wednesday,9:42 PM,wondering,Art | fasting  | walk | podcast | Audio books  | Watching series  | News Update | good meal | reddit | language learning  | streaming  | youtube | cleaning | research  | power nap | Documentary  | penpal | coding  | Tutorial ,Normal
29/09/2020,Sep-29,Tuesday,9:41 PM,scared ,Art | fasting  | walk | Watching series  | News Update | good meal | reddit | streaming  | youtube | cooking | research  | new things  | power nap | Documentary  | penpal | coding  | Tutorial ,Bad
28/09/2020,Sep-28,Monday,9:15 PM,confused ,learning  | Art | prayer | Quran  | walk | meditation  | shower | Dota 2 | Audio books  | Watching series  | News Update | good meal | reddit | language learning  | streaming  | youtube | cooking | holotropic  | cleaning | research  | new things  | power nap | songs | designing  | Documentary  | penpal | coding  | Tutorial ,Normal
27/09/2020,Sep-27,Sunday,9:00 PM,Chill,prayer | fasting  | Exercise  | Quran  | walk | meditation  | Audio books  | Watching series  | News Update | good meal | reddit | language learning  | streaming  | youtube | cooking | cleaning | research  | new things  | power nap | Documentary  | penpal | coding  | Tutorial ,Good
26/09/2020,Sep-26,Saturday,12:03 PM,blessed ,reading | learning  | prayer | fasting  | Quran  | walk | shower | Audio books  | Watching series  | News Update | good meal | reddit | language learning  | streaming  | youtube | cleaning | research  | new things  | power nap | repair | Documentary  | penpal | coding  | Tutorial ,Good
25/09/2020,Sep-25,Friday,12:02 PM,worried ,learning  | Art | prayer | fasting  | Exercise  | Quran  | walk | shower | Audio books  | Watching series  | News Update | good meal | reddit | language learning  | shave  | streaming  | youtube | cooking | research  | new things  | power nap | Email | songs | designing  | penpal | coding  | Tutorial  | Recording ,Bad
24/09/2020,Sep-24,Thursday,9:32 PM,triggered ,learning  | prayer | fasting  | Quran  | walk | shower | Audio books  | writing | Watching series  | News Update | good meal | reddit | language learning  | streaming  | youtube | cleaning | research  | new things  | penpal | coding  | Tutorial ,Awful
23/09/2020,Sep-23,Wednesday,9:00 PM,worried ,learning  | Audio books  | writing | Watching series  | News Update | good meal | reddit | language learning  | streaming  | youtube | cooking | cleaning | research  | power nap | penpal | coding ,Bad
22/09/2020,Sep-22,Tuesday,9:00 PM,weak,learning  | Art | prayer | fasting  | Quran  | walk | Audio books  | writing | Watching series  | News Update | good meal | reddit | language learning  | streaming  | youtube | cooking | cleaning | research  | new things  | power nap | songs | penpal | coding  | Tutorial ,Normal
21/09/2020,Sep-21,Monday,9:22 PM,focused ,learning  | prayer | fasting  | Quran  | walk | meditation  | shower | Audio books  | Watching series  | good meal | reddit | language learning  | streaming  | youtube | cooking | cleaning | research  | new things  | power nap | Documentary  | penpal | coding  | Tutorial ,Good
20/09/2020,Sep-20,Sunday,9:10 PM,focused ,learning  | prayer | fasting  | walk | meditation  | shower | Audio books  | Watching series  | News Update | good meal | reddit | language learning  | streaming  | youtube | cooking | cleaning | research  | new things  | power nap | songs | penpal | coding  | Tutorial ,Good
19/09/2020,Sep-19,Saturday,9:17 PM,wondering,learning  | prayer | fasting  | Quran  | walk | meditation  | shower | Watching series  | News Update | good meal | reddit | language learning  | streaming  | youtube | cooking | cleaning | research  | new things  | songs | Documentary  | penpal | coding  | Tutorial ,Normal
18/09/2020,Sep-18,Friday,7:44 PM,triggered ,learning  | prayer | fasting  | Quran  | walk | meditation  | shower | Audio books  | writing | Watching series  | News Update | reddit | language learning  | streaming  | youtube | cooking | cleaning | research  | new things  | songs | Documentary  | penpal | coding  | Tutorial ,Awful
17/09/2020,Sep-17,Thursday,10:20 PM,focused ,reading | prayer | fasting  | Quran  | walk | meditation  | Audio books  | Watching series  | News Update | good meal | reddit | language learning  | streaming  | youtube | new things  | songs | designing  | penpal | coding  | Tutorial  | love,Good
16/09/2020,Sep-16,Wednesday,5:06 PM,sad af,Art | prayer | fasting  | walk | shower | Audio books  | Watching series  | good meal | reddit | language learning  | streaming  | youtube | cooking | research  | power nap | Documentary  | coding  | Tutorial  | love,Awful
15/09/2020,Sep-15,Tuesday,10:19 PM,focused ,learning  | News Update | good meal | reddit | language learning  | streaming  | youtube | cooking | research  | new things  | power nap | penpal | coding  | Tutorial  | love | Recording ,Good
14/09/2020,Sep-14,Monday,10:19 PM,weak,Art | prayer | fasting  | Quran  | walk | meditation  | shower | Audio books  | writing | Watching series  | good meal | reddit | language learning  | streaming  | youtube | cooking | research  | new things  | penpal | coding  | Tutorial  | Recording ,Normal
13/09/2020,Sep-13,Sunday,8:48 PM,hungry ,learning  | walk | meditation  | Audio books  | Watching series  | News Update | good meal | reddit | language learning  | streaming  | youtube | cooking | research  | new things  | power nap | Documentary  | penpal | coding  | Tutorial ,Good
12/09/2020,Sep-12,Saturday,8:57 PM,excited ,learning  | Art | prayer | fasting  | Quran  | walk | meditation  | podcast | Audio books  | Watching series  | News Update | good meal | reddit | language learning  | streaming  | youtube | research  | songs | penpal | coding  | Tutorial  | Recording ,Amazing
11/09/2020,Sep-11,Friday,9:29 PM,focused ,learning  | prayer | fasting  | Quran  | walk | meditation  | shower | Audio books  | Watching series  | News Update | good meal | reddit | language learning  | streaming  | youtube | holotropic  | cleaning | research  | new things  | Documentary  | penpal | coding  | Tutorial  | Recording ,Good
10/09/2020,Sep-10,Thursday,8:26 PM,excited ,reading | learning  | Art | prayer | fasting  | Quran  | walk | meditation  | shower | Audio books  | writing | Watching series  | News Update | good meal | reddit | language learning  | yoga | shave  | trimming  | Poetry  | streaming  | youtube | cooking | holotropic  | cleaning | research  | new things  | songs | Documentary  | penpal | coding  | Tutorial  | Recording ,Amazing
09/09/2020,Sep-09,Wednesday,9:00 PM,Cool,learning  | prayer | Quran  | walk | meditation  | shower | Audio books  | writing | Watching series  | News Update | good meal | reddit | language learning  | shave  | Poetry  | streaming  | youtube | cooking | research  | new things  | family | Email | songs | Documentary  | shopping | coding  | Tutorial  | Recording ,Amazing
08/09/2020,Sep-08,Tuesday,8:35 PM,Cool,learning  | prayer | fasting  | Quran  | walk | meditation  | shower | Audio books  | writing | Watching series  | News Update | good meal | reddit | language learning  | streaming  | youtube | holotropic  | new things  | songs | penpal | coding  | Tutorial  | jobs | Recording ,Amazing
07/09/2020,Sep-07,Monday,9:00 PM,excited ,prayer | fasting  | Quran  | walk | meditation  | shower | Audio books  | Watching series  | News Update | good meal | reddit | language learning  | shave  | streaming  | youtube | cooking | cleaning | power nap | songs | Documentary  | penpal | coding  | Tutorial  | jobs | Recording ,Amazing
06/09/2020,Sep-06,Sunday,9:16 PM,over the moon ,Art | fasting  | Quran  | walk | meditation  | Audio books  | writing | Watching series  | News Update | good meal | reddit | language learning  | streaming  | youtube | cooking | holotropic  | research  | new things  | power nap | Documentary  | penpal | coding  | Tutorial  | Recording ,Amazing
05/09/2020,Sep-05,Saturday,9:07 PM,focused ,learning  | Art | fasting  | Quran  | walk | meditation  | Audio books  | writing | Watching series  | News Update | good meal | reddit | language learning  | streaming  | youtube | research  | new things  | power nap | Email | Documentary  | penpal | coding  | Tutorial  | Recording ,Good
04/09/2020,Sep-04,Friday,7:54 PM,focused ,learning  | Art | prayer | fasting  | Quran  | walk | meditation  | shower | podcast | Audio books  | writing | Watching series  | News Update | good meal | reddit | language learning  | shave  | streaming  | youtube | cooking | holotropic  | power nap | Documentary  | penpal | coding  | Tutorial  | Recording ,Good
03/09/2020,Sep-03,Thursday,9:01 PM,blessed ,Art | prayer | fasting  | Quran  | walk | meditation  | shower | podcast | Audio books  | writing | Watching series  | News Update | good meal | reddit | language learning  | streaming  | youtube | cooking | research  | power nap | songs | Documentary  | penpal | shopping | coding  | Recording ,Good
02/09/2020,Sep-02,Wednesday,9:11 PM,wondering,reading | learning  | Art | prayer | fasting  | Quran  | walk | meditation  | shower | Watching series  | News Update | good meal | reddit | language learning  | shave  | streaming  | youtube | cooking | holotropic  | family | power nap | songs | Documentary  | penpal | shopping | coding  | jobs | Recording ,Normal
01/09/2020,Sep-01,Tuesday,9:34 PM,triggered ,walk | podcast | Audio books  | good meal | language learning  | streaming  | cooking,Awful
01/09/2020,Sep-01,Tuesday,7:52 PM,Chill,reading | learning  | Art | fasting  | Quran  | walk | meditation  | Audio books  | writing | Watching series  | News Update | good meal | reddit | language learning  | streaming  | youtube | movies | power nap | songs | Documentary  | penpal | coding  | Tutorial  | Recording ,Good
31/08/2020,Aug-31,Monday,10:42 PM,meh,fasting  | walk | meditation  | shower | Audio books  | writing | Watching series  | News Update | good meal | reddit | language learning  | streaming  | youtube | travel | family | songs | penpal | coding  | Tutorial  | Recording ,Normal
30/08/2020,Aug-30,Sunday,6:20 PM,meh,prayer | fasting  | Quran  | walk | meditation  | Audio books  | writing | Watching series  | News Update | good meal | reddit | language learning  | streaming  | youtube | family | power nap | penpal | coding  | love | Recording ,Normal
29/08/2020,Aug-29,Saturday,9:01 PM,scared ,learning  | Art | prayer | fasting  | Quran  | walk | meditation  | shower | podcast | Audio books  | Watching series  | News Update | good meal | reddit | language learning  | streaming  | youtube | travel | Documentary  | coding  | Recording ,Bad
28/08/2020,Aug-28,Friday,10:04 PM,sad af,prayer | fasting  | Quran  | walk | meditation  | shower | podcast | Audio books  | Watching series  | News Update | good meal | reddit | language learning  | streaming  | youtube | cooking | family | power nap | penpal | coding  | Recording ,Awful
27/08/2020,Aug-27,Thursday,9:56 PM,meh,Art | prayer | Exercise  | Quran  | walk | meditation  | shower | Audio books  | writing | Watching series  | News Update | good meal | reddit | language learning  | shave  | Poetry  | streaming  | youtube | cooking | cleaning | new things  | power nap | songs | Documentary  | penpal | coding  | Recording ,Normal
26/08/2020,Aug-26,Wednesday,8:11 PM,meh,Art | meditation  | shower | podcast | Audio books  | writing | News Update | good meal | reddit | language learning  | Poetry  | streaming  | youtube | research  | family | Documentary  | coding  | Recording ,Normal
25/08/2020,Aug-25,Tuesday,10:00 PM,awful,Art | fasting  | Exercise  | meditation  | Audio books  | writing | Watching series  | reddit | language learning  | streaming  | youtube | power nap | Documentary  | coding  | Recording ,Awful
24/08/2020,Aug-24,Monday,10:12 PM,meh,Art | Write dairy  | prayer | fasting  | Quran  | walk | meditation  | shower | Dota 2 | Audio books  | writing | Watching series  | News Update | good meal | reddit | language learning  | streaming  | youtube | movies | cleaning | new things  | Documentary  | coding  | Recording  | video editing ,Normal
23/08/2020,Aug-23,Sunday,9:01 PM,good,reading | Art | prayer | fasting  | Exercise  | Quran  | walk | meditation  | shower | Dota 2 | Audio books  | writing | Watching series  | News Update | good meal | reddit | language learning  | streaming  | youtube | cleaning | research  | new things  | family | designing  | Documentary  | friends | penpal | coding  | Tutorial  | love | Recording ,Good
22/08/2020,Aug-22,Saturday,10:18 PM,meh,reading | learning  | prayer | fasting  | Quran  | walk | meditation  | shower | Dota 2 | Audio books  | Watching series  | News Update | good meal | reddit | language learning  | streaming  | youtube | power nap | Documentary  | Tutorial  | Recording ,Normal
21/08/2020,Aug-21,Friday,9:49 PM,hungry ,reading | Art | prayer | fasting  | Quran  | walk | meditation  | shower | Dota 2 | Audio books  | News Update | good meal | reddit | language learning  | Poetry  | streaming  | youtube | songs | Documentary  | shopping | coding  | Tutorial  | Recording ,Good
20/08/2020,Aug-20,Thursday,8:53 PM,worried ,reading | Art | prayer | fasting  | Quran  | walk | meditation  | Audio books  | writing | Watching series  | News Update | good meal | reddit | language learning  | streaming  | youtube | songs | Documentary  | Recording ,Bad
19/08/2020,Aug-19,Wednesday,9:00 PM,scared ,reading | Art | prayer | fasting  | Quran  | walk | meditation  | shower | Dota 2 | Audio books  | writing | Watching series  | News Update | good meal | reddit | language learning  | streaming  | youtube | new things  | family | Email | Documentary  | jobs | Recording ,Bad
19/08/2020,Aug-19,Wednesday,1:53 PM,worried ,fasting  | News Update | good meal | reddit | language learning  | streaming  | youtube | family | Documentary  | love,Bad
18/08/2020,Aug-18,Tuesday,8:59 PM,sad af,prayer | fasting  | Quran  | walk | meditation  | shower | Audio books  | Watching series  | News Update | good meal | reddit | language learning  | streaming  | youtube | travel | friends | jobs | love,Awful
17/08/2020,Aug-17,Monday,7:40 PM,confused ,prayer | fasting  | Quran  | walk | meditation  | shower | Audio books  | Watching series  | News Update | good meal | reddit | language learning  | streaming  | youtube | power nap | Documentary  | love,Normal
16/08/2020,Aug-16,Sunday,9:16 PM,awful,Art | Write dairy  | prayer | fasting  | Quran  | walk | meditation  | shower | podcast | Audio books  | Watching series  | News Update | good meal | reddit | language learning  | streaming  | youtube | research  | Documentary ,Awful
16/08/2020,Aug-16,Sunday,6:31 PM,sad af,Art | fasting  | meditation  | podcast | Audio books  | News Update | good meal | reddit | language learning  | youtube | love,Awful
15/08/2020,Aug-15,Saturday,9:00 PM,bad,Art | walk | podcast | Audio books  | Watching series  | reddit | language learning  | streaming  | youtube,Bad
15/08/2020,Aug-15,Saturday,7:19 PM,confused ,learning  | prayer | Quran  | walk | meditation  | podcast | Audio books  | Watching series  | News Update | reddit | language learning  | streaming  | youtube | movies | songs | Documentary ,Normal
15/08/2020,Aug-15,Saturday,5:50 PM,angry,learning  | walk | shower | Audio books  | writing | Watching series  | News Update | reddit | language learning  | youtube | power nap | Documentary  | coding  | Tutorial ,Awful
14/08/2020,Aug-14,Friday,7:54 PM,meh,prayer | fasting  | Quran  | walk | meditation  | shower | Dota 2 | podcast | Watching series  | News Update | good meal | reddit | language learning  | shave  | trimming  | streaming  | youtube | travel | family,Normal
13/08/2020,Aug-13,Thursday,10:25 PM,worried ,Write dairy  | prayer | fasting  | walk | meditation  | shower | podcast | Audio books  | writing | Watching series  | News Update | good meal | reddit | language learning  | streaming  | youtube | love,Bad
12/08/2020,Aug-12,Wednesday,8:54 PM,weak,Art | prayer | fasting  | Quran  | walk | meditation  | shower | podcast | Audio books  | writing | Watching series  | News Update | good meal | reddit | language learning  | streaming  | youtube | research  | new things  | power nap | songs | Documentary  | Tutorial  | love,Normal
11/08/2020,Aug-11,Tuesday,9:00 PM,wondering,reading | Art | prayer | fasting  | Quran  | walk | meditation  | shower | podcast | Audio books  | writing | Watching series  | News Update | good meal | reddit | language learning  | Poetry  | streaming  | youtube | cleaning | power nap | songs | designing  | Documentary  | love,Normal
10/08/2020,Aug-10,Monday,9:15 PM,wondering,reading | Art | prayer | fasting  | Quran  | walk | meditation  | shower | Dota 2 | Audio books  | writing | Watching series  | News Update | good meal | reddit | language learning  | shave  | trimming  | streaming  | youtube | cleaning | power nap | songs | Documentary  | love,Normal
09/08/2020,Aug-09,Sunday,9:45 PM,hungry ,reading | prayer | fasting  | Quran  | walk | meditation  | shower | Dota 2 | podcast | Audio books  | writing | Watching series  | News Update | good meal | reddit | language learning  | streaming  | youtube | power nap | songs | love,Good
08/08/2020,Aug-08,Saturday,9:38 PM,Chill,fasting  | Quran  | meditation  | shower | Dota 2 | podcast | writing | Watching series  | News Update | good meal | reddit | language learning  | streaming  | youtube | Documentary  | love,Good
07/08/2020,Aug-07,Friday,7:19 AM,angry,reading | learning  | Art | prayer | fasting  | Quran  | walk | meditation  | shower | Dota 2 | podcast | Audio books  | writing | Watching series  | News Update | good meal | reddit | language learning  | streaming  | youtube | movies | gaming | new things  | family | power nap | songs | designing  | Documentary  | love | Recording ,Awful
06/08/2020,Aug-06,Thursday,9:02 PM,bad,Art | prayer | fasting  | Quran  | walk | meditation  | shower | Dota 2 | podcast | Audio books  | writing | News Update | good meal | reddit | language learning  | shave  | streaming  | youtube | research  | family | power nap | songs | designing  | love,Bad
05/08/2020,Aug-05,Wednesday,2:43 PM,awful,reading | learning  | Art | prayer | fasting  | Quran  | walk | meditation  | shower | Dota 2 | podcast | Audio books  | writing | Watching series  | News Update | good meal | reddit | language learning  | streaming  | youtube | research  | family | power nap | songs | Documentary  | love,Awful
04/08/2020,Aug-04,Tuesday,7:53 PM,bad,prayer | fasting  | Exercise  | Quran  | walk | meditation  | shower | Dota 2 | podcast | Audio books  | writing | Watching series  | News Update | good meal | reddit | language learning  | streaming  | youtube | research  | power nap | songs | designing  | Documentary ,Bad
03/08/2020,Aug-03,Monday,9:50 PM,blessed ,Art | Write dairy  | prayer | fasting  | Quran  | walk | meditation  | shower | Dota 2 | podcast | Audio books  | writing | Watching series  | News Update | good meal | reddit | language learning  | streaming  | youtube | cleaning | power nap | songs | designing  | love,Good
02/08/2020,Aug-02,Sunday,9:02 PM,meh,reading | prayer | fasting  | Quran  | walk | meditation  | shower | Dota 2 | podcast | Audio books  | writing | Watching series  | News Update | good meal | reddit | language learning  | streaming  | youtube | cleaning | research  | family | power nap | Documentary ,Normal
01/08/2020,Aug-01,Saturday,10:09 PM,wondering,Art | prayer | fasting  | Quran  | walk | meditation  | shower | Dota 2 | podcast | Audio books  | writing | Watching series  | News Update | good meal | reddit | language learning  | streaming  | youtube | movies | cleaning | power nap | songs | designing  | repair | Documentary  | love,Normal
31/07/2020,Jul-31,Friday,9:51 PM,blessed ,reading | Art | Write dairy  | prayer | fasting  | Quran  | walk | meditation  | shower | Dota 2 | podcast | Audio books  | writing | Watching series  | News Update | good meal | reddit | language learning  | streaming  | youtube | movies | cleaning | research  | new things  | power nap | songs | designing  | Documentary  | Tutorial  | love | Recording ,Good
30/07/2020,Jul-30,Thursday,9:39 PM,wondering,reading | learning  | Art | Write dairy  | prayer | fasting  | Quran  | walk | meditation  | shower | Dota 2 | podcast | Audio books  | writing | Watching series  | News Update | good meal | reddit | language learning  | streaming  | youtube | cleaning | research  | songs | designing  | Documentary  | love,Normal
29/07/2020,Jul-29,Wednesday,8:01 PM,angry,Write dairy  | prayer | Quran  | walk | meditation  | shower | Dota 2 | Audio books  | writing | Watching series  | News Update | good meal | reddit | language learning  | shave  | streaming  | youtube | cleaning | research  | power nap | songs,Awful
28/07/2020,Jul-28,Tuesday,10:45 PM,yolo,learning  | prayer | fasting  | Quran  | walk | meditation  | shower | Dota 2 | Audio books  | writing | Watching series  | News Update | good meal | reddit | language learning  | streaming  | youtube | power nap | songs | designing  | love,Good
27/07/2020,Jul-27,Monday,9:13 PM,focused ,learning  | Art | prayer | fasting  | Quran  | walk | meditation  | shower | Dota 2 | podcast | Audio books  | writing | Watching series  | News Update | good meal | reddit | language learning  | shave  | trimming  | streaming  | youtube | cleaning | research  | power nap | songs | love | kaballah,Good
26/07/2020,Jul-26,Sunday,2:48 PM,wondering,Art | prayer | fasting  | Quran  | walk | meditation  | shower | Dota 2 | podcast | Audio books  | writing | Watching series  | News Update | good meal | reddit | language learning  | streaming  | youtube | cleaning | power nap | designing ,Normal
25/07/2020,Jul-25,Saturday,2:48 PM,weak,learning  | Art | prayer | fasting  | Quran  | walk | meditation  | shower | Dota 2 | podcast | Audio books  | writing | News Update | good meal | reddit | language learning  | streaming  | youtube | cleaning | research  | power nap | songs | designing  | Tutorial ,Normal
24/07/2020,Jul-24,Friday,9:10 PM,wondering,learning  | Art | Write dairy  | prayer | fasting  | Quran  | walk | meditation  | shower | Dota 2 | podcast | Audio books  | writing | Watching series  | News Update | good meal | reddit | language learning  | streaming  | youtube | cleaning | research  | power nap | designing ,Normal
23/07/2020,Jul-23,Thursday,7:40 PM,over the moon ,learning  | Art | prayer | fasting  | Quran  | walk | meditation  | shower | Dota 2 | Audio books  | writing | Watching series  | News Update | good meal | language learning  | streaming  | youtube | cleaning | research  | Documentary  | Tutorial  | love,Amazing
22/07/2020,Jul-22,Wednesday,9:03 PM,Chill,learning  | Art | Write dairy  | prayer | fasting  | Quran  | walk | meditation  | Dota 2 | Audio books  | writing | Watching series  | News Update | good meal | reddit | language learning  | streaming  | youtube | research  | new things  | family | power nap | songs | designing  | Tutorial  | Recording ,Good
21/07/2020,Jul-21,Tuesday,9:48 PM,hungry ,reading | learning  | Write dairy  | prayer | Quran  | walk | meditation  | shower | Dota 2 | podcast | Audio books  | writing | Watching series  | News Update | good meal | reddit | language learning  | streaming  | youtube | movies | cleaning | research  | new things  | power nap | songs | designing ,Good
20/07/2020,Jul-20,Monday,9:12 PM,wondering,reading | learning  | Art | Write dairy  | prayer | Quran  | walk | meditation  | shower | Dota 2 | podcast | Audio books  | writing | Watching series  | News Update | good meal | reddit | language learning  | streaming  | youtube | cleaning | research  | new things  | power nap | songs | designing  | Documentary  | Tutorial  | love,Normal
19/07/2020,Jul-19,Sunday,9:03 PM,confused ,learning  | Art | prayer | fasting  | Quran  | walk | meditation  | shower | Dota 2 | podcast | Audio books  | writing | Watching series  | News Update | good meal | reddit | language learning  | streaming  | youtube | cleaning | power nap | songs | designing  | love,Normal
18/07/2020,Jul-18,Saturday,9:04 PM,blessed ,reading | learning  | Art | prayer | fasting  | Quran  | walk | meditation  | shower | podcast | Audio books  | writing | Watching series  | News Update | good meal | reddit | language learning  | streaming  | youtube | movies | power nap | songs | Documentary  | love,Good
17/07/2020,Jul-17,Friday,7:51 AM,scared ,reading | learning  | Art | prayer | Quran  | walk | meditation  | shower | Dota 2 | podcast | Audio books  | writing | Watching series  | News Update | good meal | reddit | language learning  | streaming  | youtube | cleaning | new things  | family | power nap | songs | designing  | Documentary  | Tutorial  | love | Recording ,Bad
16/07/2020,Jul-16,Thursday,9:04 PM,hungry ,learning  | Art | Write dairy  | prayer | fasting  | Quran  | walk | meditation  | shower | podcast | Audio books  | writing | Watching series  | News Update | good meal | reddit | language learning  | streaming  | youtube | movies | power nap | songs | designing  | love | Recording ,Good
15/07/2020,Jul-15,Wednesday,1:39 AM,blessed ,learning  | Art | prayer | fasting  | Quran  | walk | meditation  | shower | Dota 2 | podcast | Audio books  | writing | Watching series  | News Update | good meal | reddit | language learning  | streaming  | youtube | movies | power nap | songs | Documentary  | love,Good
14/07/2020,Jul-14,Tuesday,8:07 PM,blessed ,reading | Art | prayer | Quran  | walk | meditation  | shower | Dota 2 | Audio books  | writing | Watching series  | News Update | good meal | reddit | language learning  | shave  | streaming  | youtube | movies | research  | new things  | power nap | songs | Tutorial  | love | weight log,Good
13/07/2020,Jul-13,Monday,11:47 PM,confused ,Art | prayer | Quran  | walk | shower | Dota 2 | Audio books  | writing | Watching series  | News Update | good meal | reddit | language learning  | streaming  | youtube | love,Normal
12/07/2020,Jul-12,Sunday,9:00 PM,focused ,Art | Write dairy  | prayer | fasting  | Quran  | walk | meditation  | shower | Dota 2 | podcast | Audio books  | writing | Watching series  | News Update | good meal | reddit | language learning  | streaming  | youtube | new things  | family | power nap | songs | designing  | penpal | love | Recording ,Good
11/07/2020,Jul-11,Saturday,9:06 PM,excited ,reading | learning  | Art | Write dairy  | prayer | Quran  | walk | meditation  | shower | Dota 2 | podcast | Audio books  | writing | Watching series  | News Update | good meal | reddit | language learning  | shave  | streaming  | youtube | movies | cleaning | research  | family | power nap | Email | designing  | Documentary  | Tutorial  | love,Amazing
10/07/2020,Jul-10,Friday,7:45 PM,focused ,reading | learning  | Art | Write dairy  | prayer | fasting  | Quran  | walk | meditation  | shower | Dota 2 | Audio books  | writing | News Update | good meal | reddit | language learning  | streaming  | youtube | songs | love | Recording ,Good
09/07/2020,Jul-09,Thursday,10:43 PM,good,reading | learning  | Art | Write dairy  | prayer | Quran  | meditation  | shower | Audio books  | writing | Watching series  | News Update | good meal | reddit | language learning  | streaming  | youtube | research  | family | power nap | songs | Documentary  | Tutorial  | love | Recording ,Good
08/07/2020,Jul-08,Wednesday,7:57 PM,Chill,reading | prayer | Quran  | walk | meditation  | Audio books  | writing | Watching series  | News Update | good meal | reddit | language learning  | streaming  | youtube | cleaning | family | power nap | songs,Good
07/07/2020,Jul-07,Tuesday,9:40 PM,weak,reading | prayer | fasting  | Quran  | walk | meditation  | Dota 2 | podcast | Audio books  | writing | Watching series  | News Update | good meal | reddit | language learning  | streaming  | youtube | family | songs | love,Normal
06/07/2020,Jul-06,Monday,10:49 AM,Chill,reading | prayer | walk | shower | Dota 2 | podcast | Watching series  | good meal | reddit | language learning  | shave  | trimming  | streaming  | youtube | power nap | Email | songs | love,Good
05/07/2020,Jul-05,Sunday,10:48 AM,wondering,reading | Art | Write dairy  | prayer | Quran  | meditation  | shower | Dota 2 | podcast | Audio books  | News Update | good meal | reddit | shave  | trimming  | streaming  | youtube | power nap | love,Normal
04/07/2020,Jul-04,Saturday,10:47 AM,angry,reading | Art | prayer | Quran  | walk | shower | Dota 2 | Audio books  | writing | News Update | good meal | reddit | streaming  | youtube | phd | love,Awful
03/07/2020,Jul-03,Friday,9:02 PM,wondering,reading | Art | prayer | Quran  | walk | meditation  | Dota 2 | podcast | Audio books  | writing | Watching series  | News Update | good meal | reddit | shave  | trimming  | streaming  | youtube | cleaning | Email | songs | love,Normal
02/07/2020,Jul-02,Thursday,10:17 PM,blessed ,reading | learning  | prayer | Quran  | walk | meditation  | shower | podcast | Audio books  | writing | Watching series  | News Update | good meal | reddit | language learning  | streaming  | youtube | research  | family | power nap | songs | Documentary  | penpal,Good
01/07/2020,Jul-01,Wednesday,8:13 PM,blessed ,reading | learning  | prayer | fasting  | Quran  | walk | meditation  | shower | Dota 2 | Audio books  | writing | News Update | good meal | reddit | language learning  | streaming  | youtube | family | power nap | Email | songs | love,Good
30/06/2020,Jun-30,Tuesday,9:23 PM,yolo,Art | prayer | fasting  | walk | shower | Audio books  | writing | Watching series  | News Update | good meal | reddit | streaming  | youtube | power nap | love,Good
29/06/2020,Jun-29,Monday,9:00 PM,wondering,Art | walk | Audio books  | News Update | good meal | reddit | streaming  | youtube | songs | love,Normal
28/06/2020,Jun-28,Sunday,9:02 PM,confused ,Write dairy  | prayer | Quran  | walk | meditation  | shower | Dota 2 | Audio books  | writing | Watching series  | News Update | good meal | reddit | language learning  | streaming  | youtube | songs | love,Normal
27/06/2020,Jun-27,Saturday,9:20 PM,excited ,reading | learning  | Art | prayer | fasting  | Quran  | walk | meditation  | shower | Audio books  | writing | Watching series  | News Update | good meal | reddit | streaming  | youtube | movies | family | power nap | songs | Documentary  | Tutorial  | love,Amazing
26/06/2020,Jun-26,Friday,9:02 PM,wondering,reading | learning  | Art | Write dairy  | prayer | fasting  | Quran  | walk | meditation  | shower | Audio books  | writing | Watching series  | News Update | good meal | reddit | streaming  | youtube | research  | family | power nap | songs | penpal | party | love | Recording  | video editing ,Normal
25/06/2020,Jun-25,Thursday,9:12 PM,over the moon ,reading | learning  | Art | prayer | fasting  | Quran  | walk | meditation  | shower | News Update | good meal | reddit | language learning  | streaming  | youtube | power nap | Email | songs | love | Recording ,Amazing
24/06/2020,Jun-24,Wednesday,9:00 PM,good,reading | Art | Write dairy  | prayer | Quran  | walk | meditation  | shower | Audio books  | writing | Watching series  | News Update | good meal | reddit | streaming  | youtube | cleaning | power nap | Email | songs | designing  | friends | love,Good
23/06/2020,Jun-23,Tuesday,9:00 PM,wondering,reading | learning  | Art | Write dairy  | prayer | Quran  | walk | meditation  | shower | podcast | Audio books  | writing | Watching series  | News Update | good meal | reddit | streaming  | youtube | research  | Email | songs | Documentary  | penpal | Tutorial  | love | Recording ,Normal
22/06/2020,Jun-22,Monday,10:57 AM,confused ,reading | learning  | Art | Write dairy  | prayer | fasting  | Quran  | walk | meditation  | shower | Audio books  | writing | Watching series  | News Update | good meal | reddit | yoga | streaming  | youtube | research  | family | Email | songs | Documentary  | friends | penpal | Tutorial  | love | Recording ,Normal
21/06/2020,Jun-21,Sunday,11:12 PM,blessed ,reading | learning  | Art | Write dairy  | prayer | fasting  | Quran  | walk | meditation  | shower | Audio books  | writing | Watching series  | News Update | good meal | reddit | streaming  | youtube | family | songs | Documentary  | shopping | Tutorial  | Recording  | video editing ,Good
20/06/2020,Jun-20,Saturday,9:20 PM,weak,reading | prayer | fasting  | Quran  | walk | meditation  | Audio books  | News Update | good meal | reddit | streaming  | youtube | family | power nap | songs | designing  | Documentary  | love,Normal
19/06/2020,Jun-19,Friday,9:00 PM,happiest day,reading | Art | prayer | fasting  | Quran  | walk | meditation  | shower | Dota 2 | podcast | Audio books  | writing | Watching series  | News Update | good meal | reddit | streaming  | youtube | power nap | songs | Documentary  | penpal | love,Amazing
18/06/2020,Jun-18,Thursday,10:35 PM,good,reading | learning  | Art | prayer | fasting  | Quran  | walk | meditation  | shower | Dota 2 | podcast | Audio books  | News Update | good meal | reddit | language learning  | streaming  | youtube | research  | new things  | power nap | songs | friends | penpal | love,Good
17/06/2020,Jun-17,Wednesday,11:34 AM,blessed ,reading | prayer | fasting  | Quran  | walk | meditation  | Dota 2 | Audio books  | Watching series  | News Update | good meal | reddit | streaming  | youtube | movies | cleaning | Email | songs | penpal | love,Good
16/06/2020,Jun-16,Tuesday,9:13 PM,blessed ,reading | learning  | walk | meditation  | Dota 2 | writing | Watching series  | good meal | reddit | language learning  | streaming  | youtube | power nap | songs | penpal | love,Good
15/06/2020,Jun-15,Monday,9:36 PM,blessed ,Art | walk | Dota 2 | Audio books  | Watching series  | News Update | good meal | reddit | streaming  | youtube | movies | research  | new things  | family | Documentary  | penpal | love,Good
14/06/2020,Jun-14,Sunday,9:28 PM,over the moon ,reading | walk | shower | Dota 2 | writing | Watching series  | News Update | good meal | reddit | streaming  | youtube | movies | family | Documentary  | friends | penpal | love,Amazing
13/06/2020,Jun-13,Saturday,6:47 AM,over the moon ,walk | shower | Audio books  | writing | Watching series  | News Update | good meal | reddit | language learning  | streaming  | youtube | new things  | power nap | songs | penpal,Amazing
12/06/2020,Jun-12,Friday,10:57 PM,yolo,walk | shower | Audio books  | Watching series  | News Update | good meal | reddit | language learning  | streaming  | youtube | power nap | songs,Good
11/06/2020,Jun-11,Thursday,10:57 PM,weak,walk | meditation  | shower | Audio books  | writing | News Update | good meal | reddit | language learning  | streaming  | youtube | power nap | songs,Normal
10/06/2020,Jun-10,Wednesday,11:04 AM,blessed ,Art | Quran  | walk | meditation  | shower | writing | Watching series  | good meal | reddit | language learning  | streaming  | youtube | power nap | songs | penpal,Good
09/06/2020,Jun-09,Tuesday,11:30 PM,yolo,learning  | walk | shower | Audio books  | News Update | good meal | reddit | language learning  | streaming  | youtube | power nap | songs | penpal,Good
08/06/2020,Jun-08,Monday,11:30 PM,weak,walk | Watching series  | good meal | reddit | language learning  | streaming  | youtube | family | songs | penpal,Normal
07/06/2020,Jun-07,Sunday,9:07 PM,worried ,reading | Art | Write dairy  | walk | shower | podcast | writing | News Update | good meal | reddit | language learning  | streaming  | youtube | power nap | songs | penpal,Bad
06/06/2020,Jun-06,Saturday,9:07 PM,confused ,reading | prayer | walk | Watching series  | good meal | reddit | language learning  | streaming  | youtube | songs | penpal,Normal
05/06/2020,Jun-05,Friday,9:02 PM,confused ,Art | fasting  | good meal | reddit | language learning  | streaming  | youtube | power nap | songs | designing  | penpal,Normal
04/06/2020,Jun-04,Thursday,9:02 PM,confused ,fasting  | walk | meditation  | shower | Audio books  | writing | Watching series  | good meal | reddit | language learning  | streaming  | youtube | power nap | penpal,Normal
03/06/2020,Jun-03,Wednesday,9:29 PM,confused ,Art | walk | shower | Audio books  | writing | good meal | reddit | streaming  | youtube | power nap | songs | penpal,Normal
02/06/2020,Jun-02,Tuesday,3:57 PM,worried ,Art | fasting  | Dota 2 | Watching series  | News Update | good meal | reddit | language learning  | streaming  | youtube | penpal,Bad
01/06/2020,Jun-01,Monday,9:09 PM,yolo,learning  | Write dairy  | prayer | Quran  | walk | meditation  | shower | writing | Watching series  | News Update | good meal | reddit | language learning  | streaming  | youtube | power nap | songs,Good
31/05/2020,May-31,Sunday,9:59 PM,wondering,reading | Write dairy  | prayer | fasting  | Quran  | walk | meditation  | shower | writing | Watching series  | News Update | good meal | language learning  | streaming  | youtube | power nap | songs,Normal
30/05/2020,May-30,Saturday,8:00 PM,wondering,learning  | prayer | fasting  | walk | meditation  | shower | Dota 2 | Audio books  | writing | Watching series  | good meal | reddit | language learning  | streaming  | youtube | songs,Normal
29/05/2020,May-29,Friday,1:30 AM,confused ,learning  | Write dairy  | fasting  | walk | shower | Audio books  | good meal | reddit | streaming  | youtube | power nap | songs | penpal,Normal
28/05/2020,May-28,Thursday,10:27 PM,yolo,learning  | Write dairy  | prayer | fasting  | Quran  | walk | meditation  | shower | Audio books  | writing | Watching series  | News Update | good meal | reddit | language learning  | streaming  | youtube | new things  | power nap | songs | penpal,Good
27/05/2020,May-27,Wednesday,12:52 AM,excited ,prayer | shower | podcast | Audio books  | News Update | good meal | reddit | streaming  | youtube | songs,Amazing
26/05/2020,May-26,Tuesday,10:01 PM,excited ,reading | learning  | Art | prayer | Quran  | walk | meditation  | shower | writing | Watching series  | good meal | reddit | language learning  | streaming  | youtube | new things  | Email | songs | designing  | penpal,Amazing
25/05/2020,May-25,Monday,11:25 PM,excited ,reading | learning  | Art | Write dairy  | prayer | Quran  | walk | meditation  | shower | writing | Watching series  | News Update | good meal | reddit | language learning  | streaming  | youtube | new things  | songs | penpal,Amazing
24/05/2020,May-24,Sunday,11:24 PM,excited ,prayer | shower | News Update | good meal | reddit | streaming  | youtube | new things  | songs,Amazing
23/05/2020,May-23,Saturday,11:23 PM,yolo,reading | learning  | Art | prayer | fasting  | Quran  | walk | meditation  | shower | writing | Watching series  | News Update | good meal | reddit | language learning  | streaming  | youtube | new things  | power nap | songs,Good
22/05/2020,May-22,Friday,9:14 PM,blessed ,prayer | Quran  | walk | shower | good meal | streaming  | youtube,Good
21/05/2020,May-21,Thursday,8:00 PM,meh,reading | learning  | Art | Write dairy  | prayer | fasting  | Quran  | meditation  | shower | Audio books  | writing | News Update | good meal | reddit | language learning  | streaming  | youtube | research  | new things  | power nap | songs | penpal | weight log,Normal
20/05/2020,May-20,Wednesday,3:12 PM,angry,reading | learning  | Art | prayer | fasting  | Exercise  | Quran  | walk | meditation  | shower | podcast | Audio books  | writing | News Update | good meal | reddit | language learning  | streaming  | youtube | research  | power nap | Email | songs,Awful
19/05/2020,May-19,Tuesday,3:14 PM,worried ,reading | learning  | Art | Write dairy  | prayer | fasting  | Quran  | walk | meditation  | shower | podcast | Audio books  | writing | Watching series  | News Update | good meal | reddit | language learning  | streaming  | youtube | research  | new things  | family | songs | designing  | weight log,Bad
18/05/2020,May-18,Monday,9:05 PM,excited ,learning  | Art | prayer | fasting  | Exercise  | Quran  | walk | meditation  | shower | Dota 2 | podcast | Audio books  | Watching series  | News Update | good meal | reddit | language learning  | streaming  | youtube | new things  | songs | Tutorial ,Amazing
17/05/2020,May-17,Sunday,9:00 PM,excited ,reading | learning  | Art | prayer | fasting  | Quran  | walk | meditation  | shower | podcast | Audio books  | writing | Watching series  | News Update | good meal | reddit | language learning  | streaming  | youtube | research  | new things  | power nap | Email | songs,Amazing
16/05/2020,May-16,Saturday,1:45 PM,excited ,reading | learning  | Art | prayer | fasting  | Exercise  | Quran  | walk | meditation  | shower | writing | Watching series  | News Update | good meal | reddit | language learning  | streaming  | youtube | power nap | songs,Amazing
15/05/2020,May-15,Friday,10:28 PM,blessed ,reading | learning  | Art | Write dairy  | prayer | fasting  | Quran  | walk | meditation  | shower | podcast | Audio books  | writing | Watching series  | News Update | good meal | reddit | language learning  | streaming  | youtube | songs | Tutorial ,Good
14/05/2020,May-14,Thursday,10:13 PM,excited ,reading | learning  | Art | Write dairy  | prayer | fasting  | Exercise  | Quran  | walk | meditation  | shower | Audio books  | writing | Watching series  | News Update | good meal | reddit | language learning  | streaming  | youtube | power nap | songs | designing  | Tutorial  | weight log,Amazing
13/05/2020,May-13,Wednesday,11:25 PM,excited ,reading | learning  | Art | Write dairy  | prayer | fasting  | Exercise  | Quran  | walk | meditation  | shower | Audio books  | writing | News Update | good meal | reddit | language learning  | streaming  | youtube | new things  | songs | Tutorial  | weight log,Amazing
12/05/2020,May-12,Tuesday,9:10 PM,excited ,reading | learning  | Art | Write dairy  | prayer | fasting  | Exercise  | Quran  | walk | meditation  | shower | podcast | Audio books  | writing | Watching series  | News Update | good meal | reddit | language learning  | streaming  | youtube | new things  | family | Email | songs | Tutorial  | weight log,Amazing
11/05/2020,May-11,Monday,10:00 PM,Cool,reading | learning  | Art | Write dairy  | prayer | fasting  | Quran  | walk | meditation  | shower | Audio books  | writing | Watching series  | News Update | good meal | reddit | streaming  | youtube | movies | new things  | family | power nap | Email | songs | designing  | Tutorial ,Amazing
10/05/2020,May-10,Sunday,11:04 AM,over the moon ,reading | learning  | Art | Write dairy  | prayer | fasting  | Quran  | walk | meditation  | shower | Audio books  | News Update | good meal | reddit | streaming  | youtube | new things  | Email | songs | Tutorial  | weight log,Amazing
09/05/2020,May-09,Saturday,11:02 AM,yolo,reading | learning  | Art | Write dairy  | prayer | fasting  | Quran  | walk | meditation  | shower | Audio books  | writing | News Update | good meal | reddit | streaming  | youtube | research  | new things  | songs | Tutorial ,Good
08/05/2020,May-08,Friday,10:59 AM,Cool,reading | learning  | Art | Write dairy  | prayer | fasting  | Quran  | walk | meditation  | shower | Audio books  | writing | News Update | good meal | reddit | language learning  | streaming  | youtube | movies | research  | new things  | Email | songs | designing  | Tutorial  | weight log,Amazing
07/05/2020,May-07,Thursday,9:28 PM,excited ,reading | learning  | Art | Write dairy  | prayer | fasting  | Quran  | walk | meditation  | shower | Audio books  | writing | News Update | good meal | reddit | streaming  | youtube | research  | power nap | songs | designing ,Amazing
06/05/2020,May-06,Wednesday,9:05 PM,excited ,learning  | Art | Write dairy  | prayer | fasting  | Quran  | walk | meditation  | shower | Audio books  | News Update | good meal | reddit | streaming  | youtube | power nap | songs,Amazing
05/05/2020,May-05,Tuesday,9:00 PM,yolo,learning  | Art | Write dairy  | prayer | fasting  | Quran  | walk | meditation  | shower | Audio books  | News Update | good meal | reddit | streaming  | youtube | power nap | songs,Good
04/05/2020,May-04,Monday,8:31 PM,blessed ,reading | learning  | Art | prayer | fasting  | Quran  | walk | meditation  | shower | Audio books  | Watching series  | News Update | good meal | reddit | streaming  | youtube | new things  | power nap | songs,Good
03/05/2020,May-03,Sunday,9:01 PM,confused ,prayer | fasting  | Quran  | walk | meditation  | Audio books  | Watching series  | News Update | good meal | reddit | streaming  | youtube | power nap | songs,Normal
02/05/2020,May-02,Saturday,9:25 PM,excited ,reading | learning  | prayer | fasting  | Quran  | walk | meditation  | shower | Watching series  | News Update | good meal | reddit | streaming  | youtube | power nap | songs,Amazing
01/05/2020,May-01,Friday,9:08 PM,blessed ,reading | learning  | prayer | fasting  | Quran  | walk | meditation  | podcast | Audio books  | Watching series  | good meal | reddit | streaming  | youtube | power nap | songs | designing ,Good
30/04/2020,Apr-30,Thursday,8:15 AM,focused ,reading | learning  | prayer | fasting  | Quran  | walk | meditation  | Audio books  | News Update | good meal | reddit | streaming  | youtube | research  | new things  | songs,Good
29/04/2020,Apr-29,Wednesday,8:14 AM,wondering,reading | learning  | prayer | fasting  | Quran  | walk | meditation  | shower | podcast | Audio books  | writing | Watching series  | News Update | good meal | reddit | streaming  | youtube | family | power nap | songs | designing ,Normal
28/04/2020,Apr-28,Tuesday,9:08 PM,yolo,reading | learning  | Write dairy  | prayer | fasting  | Quran  | walk | meditation  | shower | Audio books  | Watching series  | News Update | good meal | reddit | streaming  | youtube | power nap | songs | designing  | penpal | weight log,Good
27/04/2020,Apr-27,Monday,7:11 PM,Cool,reading | learning  | prayer | fasting  | Quran  | walk | meditation  | shower | Audio books  | writing | Watching series  | News Update | good meal | reddit | streaming  | youtube | power nap | songs,Amazing
26/04/2020,Apr-26,Sunday,9:32 PM,over the moon ,reading | learning  | Write dairy  | prayer | fasting  | Quran  | walk | meditation  | shower | Audio books  | writing | Watching series  | News Update | good meal | reddit | streaming  | youtube | cleaning | research  | new things  | power nap | songs,Amazing
25/04/2020,Apr-25,Saturday,9:57 PM,blessed ,Write dairy  | prayer | fasting  | Quran  | walk | meditation  | shower | writing | Watching series  | News Update | good meal | reddit | streaming  | youtube | power nap | songs | designing  | penpal,Good
24/04/2020,Apr-24,Friday,11:33 PM,focused ,walk | Watching series  | News Update | good meal | reddit | streaming  | youtube | songs | penpal,Good
23/04/2020,Apr-23,Thursday,9:01 PM,excited ,prayer | fasting  | walk | meditation  | shower | Dota 2 | writing | Watching series  | News Update | good meal | reddit | streaming  | youtube | songs | designing  | penpal,Amazing
22/04/2020,Apr-22,Wednesday,10:02 AM,scared ,Art | prayer | Quran  | walk | meditation  | shower | writing | Watching series  | News Update | good meal | reddit | streaming  | youtube | power nap | songs | designing  | penpal,Bad
21/04/2020,Apr-21,Tuesday,9:21 PM,excited ,prayer | fasting  | Quran  | walk | meditation  | shower | Dota 2 | Audio books  | Watching series  | News Update | good meal | reddit | streaming  | youtube | power nap | songs | penpal,Amazing
20/04/2020,Apr-20,Monday,9:00 PM,yolo,prayer | Quran  | meditation  | shower | Audio books  | Watching series  | News Update | good meal | reddit | streaming  | youtube | power nap | songs | penpal,Good
19/04/2020,Apr-19,Sunday,9:00 PM,confused ,prayer | walk | meditation  | shower | Dota 2 | Watching series  | News Update | good meal | reddit | streaming  | youtube | power nap | songs | penpal,Normal
18/04/2020,Apr-18,Saturday,9:00 PM,hungry ,prayer | Quran  | walk | meditation  | shower | Dota 2 | podcast | writing | Watching series  | News Update | good meal | reddit | streaming  | youtube | power nap | songs | designing  | penpal,Good
17/04/2020,Apr-17,Friday,9:04 PM,yolo,prayer | walk | meditation  | shower | Dota 2 | Audio books  | writing | Watching series  | News Update | good meal | reddit | streaming  | youtube | power nap | songs | penpal,Good
16/04/2020,Apr-16,Thursday,10:05 PM,Cool,prayer | walk | meditation  | shower | Dota 2 | Watching series  | News Update | good meal | reddit | streaming  | youtube | family | power nap | songs | penpal | weight log,Amazing
15/04/2020,Apr-15,Wednesday,9:02 PM,Cool,prayer | fasting  | walk | meditation  | shower | Dota 2 | Audio books  | writing | Watching series  | News Update | good meal | reddit | streaming  | youtube | power nap | songs | penpal,Amazing
14/04/2020,Apr-14,Tuesday,9:13 PM,excited ,Art | prayer | walk | meditation  | Audio books  | Watching series  | News Update | good meal | reddit | streaming  | youtube | new things  | power nap | songs | penpal,Amazing
13/04/2020,Apr-13,Monday,9:00 PM,excited ,prayer | fasting  | walk | meditation  | shower | Audio books  | Watching series  | News Update | good meal | reddit | streaming  | youtube | new things  | songs | penpal,Amazing
12/04/2020,Apr-12,Sunday,9:00 PM,yolo,prayer | walk | meditation  | shower | Watching series  | News Update | good meal | reddit | streaming  | youtube | power nap | songs | penpal,Good
11/04/2020,Apr-11,Saturday,10:04 PM,wondering,walk | Watching series  | News Update | good meal | reddit | streaming  | youtube | songs | penpal,Normal
10/04/2020,Apr-10,Friday,9:21 PM,blessed ,Art | prayer | shower | podcast | Audio books  | writing | Watching series  | News Update | good meal | reddit | streaming  | youtube | power nap | songs | penpal | keto,Good
09/04/2020,Apr-09,Thursday,9:17 PM,sad af,prayer | fasting  | Quran  | walk | meditation  | shower | writing | Watching series  | News Update | good meal | reddit | streaming  | youtube | movies | family | power nap | songs | designing  | penpal,Awful
08/04/2020,Apr-08,Wednesday,7:28 PM,excited ,prayer | fasting  | Exercise  | Quran  | walk | meditation  | shower | podcast | Audio books  | writing | Watching series  | News Update | good meal | reddit | streaming  | youtube | family | power nap | songs | penpal,Amazing
07/04/2020,Apr-07,Tuesday,7:27 PM,confused ,Art | Write dairy  | prayer | walk | meditation  | shower | podcast | Audio books  | writing | Watching series  | News Update | good meal | reddit | streaming  | youtube | cleaning | family | power nap | songs | penpal,Normal
06/04/2020,Apr-06,Monday,9:02 PM,hungry ,Art | prayer | walk | meditation  | shower | Dota 2 | podcast | Audio books  | writing | Watching series  | News Update | good meal | reddit | streaming  | youtube | power nap | songs | designing  | penpal,Good
05/04/2020,Apr-05,Sunday,9:00 PM,over the moon ,Art | fasting  | walk | meditation  | Audio books  | writing | Watching series  | News Update | good meal | reddit | streaming  | youtube | cleaning | power nap | songs | penpal,Amazing
04/04/2020,Apr-04,Saturday,9:11 PM,excited ,Art | prayer | walk | meditation  | shower | writing | Watching series  | News Update | good meal | reddit | streaming  | youtube | cleaning | power nap | songs,Amazing
03/04/2020,Apr-03,Friday,9:00 PM,excited ,prayer | shower | Dota 2 | Audio books  | writing | Watching series  | good meal | reddit | streaming  | youtube | power nap | songs | penpal,Amazing
02/04/2020,Apr-02,Thursday,9:23 PM,excited ,prayer | walk | meditation  | shower | Audio books  | writing | Watching series  | News Update | good meal | reddit | streaming  | youtube | cleaning | power nap | songs | penpal | weight log,Amazing
01/04/2020,Apr-01,Wednesday,10:05 PM,over the moon ,Art | prayer | walk | meditation  | shower | Audio books  | Watching series  | News Update | good meal | reddit | streaming  | youtube | power nap | songs | penpal,Amazing
31/03/2020,Mar-31,Tuesday,9:10 PM,Cool,fasting  | walk | meditation  | Audio books  | Watching series  | News Update | good meal | reddit | streaming  | youtube | power nap | songs | penpal,Amazing
30/03/2020,Mar-30,Monday,9:00 PM,yolo,prayer | walk | meditation  | shower | Watching series  | News Update | good meal | reddit | streaming  | youtube | power nap | songs | penpal,Good
29/03/2020,Mar-29,Sunday,9:00 PM,over the moon ,prayer | fasting  | walk | meditation  | shower | Dota 2 | Audio books  | Watching series  | News Update | good meal | reddit | streaming  | youtube | power nap | songs | penpal,Amazing
28/03/2020,Mar-28,Saturday,9:08 PM,excited ,prayer | walk | meditation  | Audio books  | Watching series  | News Update | good meal | reddit | streaming  | youtube | power nap | songs | phd,Amazing
27/03/2020,Mar-27,Friday,11:03 PM,Cool,prayer | fasting  | meditation  | shower | Audio books  | Watching series  | News Update | good meal | reddit | streaming  | youtube | power nap | songs | penpal,Amazing
26/03/2020,Mar-26,Thursday,9:01 PM,excited ,prayer | fasting  | walk | meditation  | shower | podcast | Audio books  | Watching series  | News Update | good meal | reddit | streaming  | youtube | power nap | songs | penpal | weight log,Amazing
25/03/2020,Mar-25,Wednesday,8:13 PM,excited ,prayer | fasting  | walk | meditation  | shower | podcast | Audio books  | writing | Watching series  | News Update | good meal | reddit | streaming  | youtube | power nap | songs | penpal | weight log,Amazing
24/03/2020,Mar-24,Tuesday,8:12 PM,excited ,prayer | walk | meditation  | Dota 2 | podcast | Audio books  | News Update | good meal | reddit | streaming  | youtube | power nap | songs | designing  | penpal,Amazing
23/03/2020,Mar-23,Monday,8:12 PM,excited ,prayer | walk | meditation  | shower | podcast | Audio books  | writing | Watching series  | News Update | good meal | reddit | streaming  | youtube | power nap | songs | penpal,Amazing
22/03/2020,Mar-22,Sunday,9:01 PM,excited ,prayer | fasting  | walk | meditation  | Audio books  | Watching series  | News Update | good meal | reddit | streaming  | youtube | family | power nap | songs,Amazing
21/03/2020,Mar-21,Saturday,9:00 PM,Cool,prayer | walk | meditation  | shower | Dota 2 | Audio books  | Watching series  | News Update | good meal | reddit | streaming  | youtube | power nap | songs | penpal,Amazing
20/03/2020,Mar-20,Friday,9:16 PM,confused ,walk | meditation  | Dota 2 | Audio books  | Watching series  | News Update | good meal | reddit | streaming  | youtube,Normal
19/03/2020,Mar-19,Thursday,9:00 PM,Cool,prayer | walk | meditation  | Dota 2 | Audio books  | Watching series  | News Update | good meal | reddit | streaming  | youtube | power nap | songs | penpal | keto,Amazing
18/03/2020,Mar-18,Wednesday,9:07 PM,excited ,prayer | fasting  | Quran  | walk | meditation  | shower | Audio books  | Watching series  | News Update | good meal | reddit | streaming  | youtube | power nap | songs | penpal,Amazing
17/03/2020,Mar-17,Tuesday,9:02 PM,excited ,prayer | fasting  | walk | meditation  | shower | Dota 2 | Audio books  | Watching series  | News Update | good meal | reddit | streaming  | youtube | power nap | songs | penpal | weight log,Amazing
16/03/2020,Mar-16,Monday,9:01 PM,excited ,prayer | fasting  | walk | meditation  | shower | Audio books  | Watching series  | News Update | good meal | reddit | streaming  | youtube | power nap | songs | designing  | penpal,Amazing
15/03/2020,Mar-15,Sunday,8:13 PM,excited ,prayer | fasting  | walk | meditation  | Audio books  | Watching series  | News Update | good meal | reddit | streaming  | youtube | power nap | songs | penpal,Amazing
14/03/2020,Mar-14,Saturday,8:12 PM,excited ,Art | prayer | fasting  | walk | meditation  | shower | Dota 2 | Audio books  | Watching series  | News Update | good meal | reddit | streaming  | youtube | phd,Amazing
13/03/2020,Mar-13,Friday,8:11 PM,excited ,Art | prayer | walk | meditation  | shower | Dota 2 | podcast | Audio books  | News Update | good meal | reddit | streaming  | youtube | songs | penpal,Amazing
12/03/2020,Mar-12,Thursday,9:16 PM,over the moon ,fasting  | walk | meditation  | Dota 2 | Audio books  | Watching series  | News Update | good meal | reddit | streaming  | youtube | songs | penpal,Amazing
11/03/2020,Mar-11,Wednesday,9:32 PM,excited ,prayer | fasting  | walk | meditation  | shower | Dota 2 | Audio books  | Watching series  | News Update | good meal | reddit | streaming  | youtube | power nap | songs | penpal,Amazing
10/03/2020,Mar-10,Tuesday,9:00 PM,over the moon ,Art | prayer | fasting  | walk | meditation  | podcast | Audio books  | Watching series  | News Update | good meal | reddit | streaming  | youtube | power nap | songs | penpal | keto,Amazing
09/03/2020,Mar-09,Monday,9:05 PM,excited ,Write dairy  | prayer | fasting  | walk | meditation  | shower | Watching series  | News Update | good meal | reddit | streaming  | youtube | power nap | songs | penpal,Amazing
08/03/2020,Mar-08,Sunday,9:01 PM,excited ,Art | prayer | fasting  | walk | meditation  | Dota 2 | Audio books  | Watching series  | News Update | good meal | reddit | streaming  | youtube | songs | designing  | penpal,Amazing
07/03/2020,Mar-07,Saturday,9:00 PM,excited ,prayer | fasting  | walk | meditation  | podcast | Audio books  | writing | Watching series  | News Update | good meal | reddit | streaming  | youtube | songs | penpal,Amazing
06/03/2020,Mar-06,Friday,9:01 PM,excited ,prayer | fasting  | walk | meditation  | shower | Audio books  | writing | Watching series  | News Update | good meal | reddit | streaming  | youtube | power nap | songs | penpal,Amazing
05/03/2020,Mar-05,Thursday,9:19 PM,Cool,Art | prayer | fasting  | walk | meditation  | Dota 2 | Audio books  | Watching series  | News Update | good meal | reddit | streaming  | youtube | family | power nap | songs | penpal | weight log,Amazing
04/03/2020,Mar-04,Wednesday,10:11 PM,over the moon ,fasting  | walk | meditation  | shower | Dota 2 | Watching series  | News Update | good meal | reddit | streaming  | youtube | power nap | Email | songs | penpal,Amazing
03/03/2020,Mar-03,Tuesday,10:09 PM,Cool,prayer | fasting  | walk | meditation  | shower | Dota 2 | Watching series  | News Update | good meal | reddit | streaming  | youtube | family | power nap | songs | penpal | weight log,Amazing
02/03/2020,Mar-02,Monday,9:00 PM,excited ,prayer | fasting  | Quran  | walk | meditation  | shower | Dota 2 | Audio books  | Watching series  | News Update | good meal | reddit | streaming  | youtube | power nap | songs | friends | penpal | keto,Amazing
01/03/2020,Mar-01,Sunday,9:10 PM,excited ,prayer | fasting  | walk | meditation  | shower | Watching series  | News Update | good meal | reddit | streaming  | youtube | power nap | songs | penpal | keto,Amazing
29/02/2020,Feb-29,Saturday,9:04 PM,excited ,prayer | walk | meditation  | Watching series  | News Update | good meal | reddit | streaming  | youtube | power nap | songs | penpal,Amazing
28/02/2020,Feb-28,Friday,10:28 PM,excited ,Art | prayer | fasting  | walk | meditation  | Dota 2 | Watching series  | News Update | good meal | reddit | streaming  | youtube | power nap | designing  | penpal | keto,Amazing
27/02/2020,Feb-27,Thursday,9:21 PM,excited ,Art | prayer | fasting  | walk | meditation  | shower | Audio books  | Watching series  | News Update | good meal | reddit | streaming  | youtube | power nap | songs | designing  | keto | weight log,Amazing
26/02/2020,Feb-26,Wednesday,9:27 PM,blessed ,prayer | fasting  | walk | meditation  | Dota 2 | podcast | Audio books  | Watching series  | News Update | good meal | reddit | streaming  | youtube | songs | penpal | keto | weight log,Good
25/02/2020,Feb-25,Tuesday,8:27 PM,over the moon ,prayer | walk | meditation  | Dota 2 | podcast | Watching series  | News Update | good meal | reddit | streaming  | youtube | power nap | weight log,Amazing
24/02/2020,Feb-24,Monday,9:09 PM,weak,prayer | walk | meditation  | shower | Watching series  | News Update | good meal | reddit | streaming  | youtube | songs,Normal
23/02/2020,Feb-23,Sunday,9:07 PM,excited ,prayer | fasting  | walk | meditation  | shower | Dota 2 | podcast | Watching series  | News Update | good meal | reddit | streaming  | youtube | power nap | penpal | keto | weight log,Amazing
22/02/2020,Feb-22,Saturday,3:55 PM,Cool,prayer | fasting  | walk | meditation  | shower | podcast | Audio books  | Watching series  | News Update | good meal | reddit | streaming  | youtube | power nap | songs | penpal | keto,Amazing
21/02/2020,Feb-21,Friday,3:54 PM,excited ,prayer | fasting  | walk | meditation  | shower | Dota 2 | Audio books  | Watching series  | News Update | good meal | reddit | streaming  | youtube | power nap | songs | keto | weight log,Amazing
20/02/2020,Feb-20,Thursday,9:00 PM,excited ,Art | Write dairy  | prayer | fasting  | walk | meditation  | shower | Dota 2 | Audio books  | News Update | good meal | reddit | streaming  | youtube | movies | power nap,Amazing
19/02/2020,Feb-19,Wednesday,9:00 PM,yolo,Art | prayer | walk | meditation  | shower | Dota 2 | writing | News Update | reddit | streaming  | youtube | penpal,Good
18/02/2020,Feb-18,Tuesday,9:32 PM,yolo,prayer | walk | meditation  | shower | Dota 2 | podcast | Audio books  | Watching series  | News Update | good meal | reddit | streaming  | youtube | research  | songs | designing  | penpal | keto,Good
17/02/2020,Feb-17,Monday,9:02 PM,blessed ,prayer | fasting  | walk | meditation  | Audio books  | News Update | good meal | reddit | streaming  | youtube | penpal | keto,Good
16/02/2020,Feb-16,Sunday,9:16 PM,Cool,prayer | fasting  | walk | meditation  | shower | Audio books  | News Update | good meal | reddit | streaming  | youtube,Amazing
15/02/2020,Feb-15,Saturday,10:15 PM,Cool,fasting  | walk | meditation  | podcast | Watching series  | News Update | good meal | reddit | streaming  | youtube | keto,Amazing
14/02/2020,Feb-14,Friday,9:00 PM,excited ,prayer | fasting  | Quran  | walk | meditation  | shower | Dota 2 | podcast | writing | Watching series  | News Update | good meal | reddit | streaming  | youtube | power nap | songs | keto,Amazing
13/02/2020,Feb-13,Thursday,10:13 PM,yolo,fasting  | walk | meditation  | Watching series  | News Update | good meal | reddit | streaming  | youtube | penpal | keto | weight log,Good
12/02/2020,Feb-12,Wednesday,9:42 PM,excited ,fasting  | walk | meditation  | Dota 2 | Audio books  | Watching series  | News Update | reddit | streaming  | youtube | power nap | penpal,Amazing
11/02/2020,Feb-11,Tuesday,9:26 PM,excited ,fasting  | walk | meditation  | shower | Dota 2 | Watching series  | News Update | good meal | reddit | streaming  | youtube | penpal | weight log,Amazing
10/02/2020,Feb-10,Monday,9:05 PM,over the moon ,walk | meditation  | Dota 2 | Watching series  | News Update | good meal | reddit | streaming  | youtube | power nap | songs | penpal | keto,Amazing
09/02/2020,Feb-09,Sunday,9:00 PM,blessed ,fasting  | walk | meditation  | Dota 2 | podcast | Audio books  | Watching series  | News Update | good meal | reddit | streaming  | youtube | penpal | keto,Good
08/02/2020,Feb-08,Saturday,10:09 PM,yolo,fasting  | walk | meditation  | Dota 2 | Audio books  | Watching series  | News Update | good meal | reddit | streaming  | youtube | movies | penpal,Good
07/02/2020,Feb-07,Friday,9:12 PM,confused ,prayer | fasting  | walk | meditation  | shower | Dota 2 | podcast | Audio books  | Watching series  | News Update | good meal | reddit | streaming  | youtube | friends | penpal | keto,Normal
06/02/2020,Feb-06,Thursday,7:08 PM,yolo,Write dairy  | fasting  | walk | meditation  | Dota 2 | Audio books  | Watching series  | News Update | good meal | reddit | streaming  | youtube | movies | friends | penpal,Good
05/02/2020,Feb-05,Wednesday,9:00 PM,yolo,fasting  | walk | meditation  | Dota 2 | Audio books  | Watching series  | News Update | good meal | reddit | streaming  | youtube | penpal | keto,Good
04/02/2020,Feb-04,Tuesday,9:00 PM,yolo,fasting  | walk | meditation  | Dota 2 | podcast | Audio books  | Watching series  | News Update | good meal | reddit | streaming  | youtube | penpal,Good
03/02/2020,Feb-03,Monday,7:10 PM,angry,fasting  | walk | meditation  | shower | Dota 2 | Audio books  | Watching series  | News Update | good meal | reddit | streaming  | youtube | movies | songs | penpal | keto,Awful
02/02/2020,Feb-02,Sunday,9:15 PM,focused ,fasting  | walk | meditation  | Audio books  | Watching series  | News Update | good meal | reddit | streaming  | youtube | songs | penpal | keto,Good
01/02/2020,Feb-01,Saturday,10:11 PM,focused ,fasting  | walk | meditation  | Dota 2 | podcast | Audio books  | Watching series  | News Update | good meal | reddit | streaming  | youtube | keto,Good
31/01/2020,Jan-31,Friday,9:16 PM,yolo,prayer | fasting  | walk | meditation  | shower | Dota 2 | Audio books  | Watching series  | News Update | good meal | reddit | streaming  | youtube,Good
30/01/2020,Jan-30,Thursday,9:00 PM,yolo,Write dairy  | fasting  | walk | meditation  | Dota 2 | Audio books  | Watching series  | News Update | good meal | reddit | streaming  | youtube | cleaning | new things  | penpal | keto | weight log,Good
29/01/2020,Jan-29,Wednesday,9:45 PM,excited ,fasting  | walk | meditation  | Dota 2 | podcast | Audio books  | Watching series  | News Update | good meal | reddit | streaming  | youtube | keto | weight log,Amazing
28/01/2020,Jan-28,Tuesday,9:26 PM,focused ,fasting  | walk | meditation  | shower | Dota 2 | Audio books  | News Update | good meal | reddit | streaming  | youtube | keto,Good
27/01/2020,Jan-27,Monday,12:25 AM,focused ,fasting  | walk | meditation  | podcast | Audio books  | Watching series  | News Update | good meal | reddit | streaming  | youtube | keto,Good
26/01/2020,Jan-26,Sunday,9:02 PM,yolo,fasting  | walk | meditation  | Audio books  | writing | Watching series  | News Update | good meal | reddit | streaming  | youtube | keto | weight log,Good
25/01/2020,Jan-25,Saturday,9:00 PM,yolo,prayer | fasting  | walk | meditation  | shower | Audio books  | Watching series  | News Update | reddit | streaming  | youtube | keto,Good
24/01/2020,Jan-24,Friday,9:01 PM,yolo,fasting  | walk | meditation  | Audio books  | Watching series  | News Update | good meal | reddit | streaming  | youtube | gaming | keto,Good
23/01/2020,Jan-23,Thursday,9:00 PM,focused ,fasting  | walk | meditation  | Dota 2 | Audio books  | Watching series  | News Update | good meal | reddit | streaming  | youtube | weight log,Good
22/01/2020,Jan-22,Wednesday,9:02 PM,wondering,walk | meditation  | Dota 2 | Audio books  | Watching series  | News Update | good meal | reddit | streaming  | youtube | power nap,Normal
21/01/2020,Jan-21,Tuesday,9:00 PM,blessed ,fasting  | walk | meditation  | shower | Dota 2 | Audio books  | Watching series  | News Update | good meal | reddit | streaming  | youtube | keto,Good
20/01/2020,Jan-20,Monday,10:04 PM,excited ,fasting  | walk | meditation  | podcast | Audio books  | Watching series  | News Update | good meal | reddit | streaming  | youtube,Amazing
19/01/2020,Jan-19,Sunday,10:57 PM,excited ,fasting  | walk | meditation  | Dota 2 | Audio books  | Watching series  | News Update | streaming  | youtube | keto,Amazing
18/01/2020,Jan-18,Saturday,9:01 PM,excited ,fasting  | walk | meditation  | podcast | Audio books  | Watching series  | good meal | reddit | streaming  | youtube | keto,Amazing
17/01/2020,Jan-17,Friday,9:55 PM,yolo,prayer | fasting  | walk | meditation  | shower | podcast | Watching series  | News Update | good meal | reddit | streaming  | youtube | keto | weight log,Good
16/01/2020,Jan-16,Thursday,8:04 PM,blessed ,fasting  | walk | meditation  | Dota 2 | podcast | Audio books  | Watching series  | News Update | good meal | reddit | streaming  | youtube | new things  | songs | keto | weight log,Good
15/01/2020,Jan-15,Wednesday,12:01 AM,weak,fasting  | walk | meditation  | Dota 2 | podcast | Audio books  | Watching series  | News Update | reddit | streaming  | youtube,Normal
14/01/2020,Jan-14,Tuesday,9:00 PM,blessed ,fasting  | walk | meditation  | Audio books  | Watching series  | News Update | good meal | reddit | streaming  | youtube | keto,Good
13/01/2020,Jan-13,Monday,9:07 PM,excited ,fasting  | walk | meditation  | Dota 2 | Audio books  | Watching series  | News Update | reddit | streaming  | youtube,Amazing
12/01/2020,Jan-12,Sunday,9:35 PM,yolo,fasting  | walk | meditation  | Dota 2 | podcast | Audio books  | Watching series  | News Update | good meal | reddit | streaming  | youtube,Good
11/01/2020,Jan-11,Saturday,9:01 PM,focused ,fasting  | walk | meditation  | Dota 2 | podcast | Audio books  | News Update | good meal | reddit | streaming  | youtube | power nap | keto,Good
10/01/2020,Jan-10,Friday,9:21 PM,excited ,prayer | fasting  | walk | meditation  | shower | Dota 2 | podcast | Audio books  | News Update | good meal | reddit | streaming  | youtube | keto | weight log,Amazing
09/01/2020,Jan-09,Thursday,9:11 PM,blessed ,fasting  | walk | meditation  | podcast | Audio books  | Watching series  | News Update | good meal | reddit | streaming  | youtube | power nap | keto,Good
08/01/2020,Jan-08,Wednesday,9:11 PM,Cool,reading | fasting  | walk | meditation  | shower | Audio books  | News Update | good meal | reddit | streaming  | youtube | keto | weight log,Amazing
07/01/2020,Jan-07,Tuesday,9:46 PM,excited ,reading | Art | fasting  | walk | meditation  | Dota 2 | Audio books  | good meal | reddit | streaming  | youtube | gaming | keto,Amazing
06/01/2020,Jan-06,Monday,11:12 PM,hungry ,reading | Art | Write dairy  | fasting  | walk | meditation  | Dota 2 | Audio books  | News Update | good meal | reddit | streaming  | youtube | new things  | songs,Good
05/01/2020,Jan-05,Sunday,9:10 PM,focused ,fasting  | walk | meditation  | shower | Dota 2 | Audio books  | Watching series  | News Update | good meal | streaming  | youtube | keto | weight log,Good
04/01/2020,Jan-04,Saturday,9:09 PM,over the moon ,reading | fasting  | walk | meditation  | Dota 2 | podcast | Audio books  | Watching series  | News Update | reddit | streaming  | youtube | keto,Amazing
03/01/2020,Jan-03,Friday,9:03 PM,yolo,prayer | fasting  | walk | meditation  | shower | Dota 2 | podcast | Audio books  | Watching series  | good meal | streaming  | youtube | research  | keto | weight log,Good
02/01/2020,Jan-02,Thursday,9:37 PM,focused ,reading | fasting  | walk | meditation  | Dota 2 | podcast | Audio books  | Watching series  | good meal | streaming  | youtube | research  | keto,Good
01/01/2020,Jan-01,Wednesday,2:06 AM,excited ,fasting  | walk | meditation  | Dota 2 | podcast | Audio books  | Watching series  | News Update | good meal | reddit | streaming  | youtube | keto,Amazing
31/12/2019,Dec-31,Tuesday,9:00 PM,excited ,reading | fasting  | walk | meditation  | shower | podcast | Audio books  | Watching series  | News Update | good meal | reddit | streaming  | youtube | research  | keto | weight log,Amazing
30/12/2019,Dec-30,Monday,9:00 PM,over the moon ,fasting  | walk | meditation  | podcast | Audio books  | Watching series  | News Update | good meal | reddit | streaming  | youtube | keto,Amazing
29/12/2019,Dec-29,Sunday,9:23 PM,yolo,fasting  | walk | meditation  | Audio books  | Watching series  | News Update | good meal | reddit | streaming  | youtube | keto,Good
28/12/2019,Dec-28,Saturday,9:02 PM,hungry ,fasting  | walk | meditation  | shower | podcast | Audio books  | writing | Watching series  | News Update | good meal | reddit | streaming  | youtube | movies | keto | weight log,Good
27/12/2019,Dec-27,Friday,9:28 PM,excited ,fasting  | walk | meditation  | shower | podcast | Audio books  | Watching series  | News Update | good meal | reddit | streaming  | youtube | movies | research  | keto | weight log,Amazing
26/12/2019,Dec-26,Thursday,9:12 PM,yolo,Write dairy  | fasting  | walk | meditation  | podcast | Audio books  | writing | Watching series  | News Update | good meal | reddit | streaming  | youtube | movies | research  | power nap | keto,Good
25/12/2019,Dec-25,Wednesday,8:52 PM,Cool,fasting  | walk | meditation  | shower | Audio books  | Watching series  | News Update | good meal | reddit | streaming  | youtube | keto,Amazing
24/12/2019,Dec-24,Tuesday,6:58 PM,yolo,fasting  | walk | meditation  | shower | Audio books  | Watching series  | News Update | good meal | reddit | streaming  | youtube | keto | weight log,Good
23/12/2019,Dec-23,Monday,9:10 PM,excited ,fasting  | walk | meditation  | Audio books  | Watching series  | News Update | good meal | reddit | streaming  | youtube | power nap | keto,Amazing
22/12/2019,Dec-22,Sunday,9:00 PM,Cool,fasting  | walk | meditation  | Audio books  | Watching series  | News Update | good meal | reddit | streaming  | youtube | research  | keto,Amazing
21/12/2019,Dec-21,Saturday,9:26 PM,excited ,fasting  | walk | meditation  | Audio books  | Watching series  | News Update | good meal | reddit | streaming  | youtube | keto,Amazing
20/12/2019,Dec-20,Friday,9:42 PM,focused ,prayer | fasting  | walk | meditation  | shower | Dota 2 | Audio books  | Watching series  | News Update | reddit | streaming  | youtube | power nap | keto | weight log,Good
19/12/2019,Dec-19,Thursday,9:01 PM,focused ,fasting  | walk | meditation  | shower | Dota 2 | Audio books  | News Update | good meal | reddit | streaming  | youtube | keto | weight log,Good
18/12/2019,Dec-18,Wednesday,11:13 PM,yolo,fasting  | walk | meditation  | Audio books  | reddit | streaming  | youtube | keto,Good
17/12/2019,Dec-17,Tuesday,9:01 PM,focused ,fasting  | walk | meditation  | Audio books  | News Update | reddit | streaming  | youtube | movies | keto,Good
16/12/2019,Dec-16,Monday,9:26 PM,focused ,prayer | fasting  | walk | meditation  | shower | Audio books  | Watching series  | News Update | reddit | streaming  | youtube | movies | cleaning | power nap | songs,Good
15/12/2019,Dec-15,Sunday,7:01 PM,over the moon ,fasting  | Exercise  | walk | meditation  | Audio books  | Watching series  | News Update | good meal | reddit | streaming  | youtube | keto | weight log,Amazing
14/12/2019,Dec-14,Saturday,9:00 PM,excited ,fasting  | Exercise  | walk | meditation  | Audio books  | Watching series  | News Update | reddit | streaming  | youtube | keto | weight log,Amazing
13/12/2019,Dec-13,Friday,9:00 PM,over the moon ,reading | prayer | fasting  | Exercise  | walk | meditation  | shower | Audio books  | Watching series  | News Update | good meal | reddit | streaming  | youtube | keto,Amazing
12/12/2019,Dec-12,Thursday,6:11 PM,hungry ,fasting  | Exercise  | walk | meditation  | Audio books  | writing | Watching series  | reddit | streaming  | youtube | cleaning | new things  | songs | penpal | coding  | keto | weight log,Good
11/12/2019,Dec-11,Wednesday,12:00 AM,blessed ,fasting  | walk | meditation  | Dota 2 | Audio books  | writing | Watching series  | reddit | streaming  | youtube | movies | power nap | keto | weight log,Good
10/12/2019,Dec-10,Tuesday,9:01 PM,excited ,reading | fasting  | walk | meditation  | podcast | Audio books  | News Update | good meal | reddit | streaming  | youtube | family | keto | weight log,Amazing
09/12/2019,Dec-09,Monday,10:18 PM,hungry ,fasting  | walk | meditation  | podcast | Audio books  | Watching series  | News Update | good meal | reddit | streaming  | youtube | power nap | keto | weight log,Good
08/12/2019,Dec-08,Sunday,9:00 PM,blessed ,fasting  | walk | meditation  | shower | Audio books  | Watching series  | good meal | reddit | streaming  | youtube | research  | power nap | keto,Good
07/12/2019,Dec-07,Saturday,9:01 PM,yolo,fasting  | walk | meditation  | podcast | Audio books  | Watching series  | News Update | good meal | reddit | streaming  | youtube | keto,Good
06/12/2019,Dec-06,Friday,9:03 PM,hungry ,fasting  | walk | meditation  | shower | Dota 2 | Audio books  | Watching series  | News Update | reddit | streaming  | youtube | keto,Good
05/12/2019,Dec-05,Thursday,9:18 PM,over the moon ,fasting  | walk | meditation  | Audio books  | Watching series  | News Update | reddit | streaming  | youtube | keto,Amazing
04/12/2019,Dec-04,Wednesday,9:07 PM,focused ,fasting  | walk | meditation  | Audio books  | Watching series  | reddit | streaming  | youtube | keto,Good
03/12/2019,Dec-03,Tuesday,9:36 PM,Cool,fasting  | walk | meditation  | shower | Audio books  | Watching series  | good meal | reddit | streaming  | youtube | travel | power nap | keto | weight log,Amazing
02/12/2019,Dec-02,Monday,10:06 PM,excited ,fasting  | walk | meditation  | podcast | Audio books  | writing | Watching series  | good meal | reddit | streaming  | youtube | Email | keto,Amazing
01/12/2019,Dec-01,Sunday,9:02 PM,hungry ,fasting  | walk | meditation  | Audio books  | Watching series  | reddit | streaming  | youtube | travel,Good
30/11/2019,Nov-30,Saturday,8:07 PM,focused ,fasting  | walk | meditation  | Dota 2 | Audio books  | Watching series  | reddit | streaming  | youtube | keto,Good
29/11/2019,Nov-29,Friday,9:00 PM,blessed ,fasting  | walk | meditation  | shower | Audio books  | Watching series  | News Update | reddit | streaming  | youtube | keto,Good
28/11/2019,Nov-28,Thursday,9:58 PM,hungry ,fasting  | walk | meditation  | Audio books  | Watching series  | good meal | reddit | streaming  | youtube | keto,Good
27/11/2019,Nov-27,Wednesday,9:55 PM,focused ,fasting  | walk | meditation  | Audio books  | Watching series  | reddit | streaming  | youtube | keto,Good
26/11/2019,Nov-26,Tuesday,9:00 PM,yolo,fasting  | walk | meditation  | podcast | Audio books  | Watching series  | News Update | good meal | reddit | streaming  | youtube | songs | keto,Good
25/11/2019,Nov-25,Monday,9:32 PM,hungry ,fasting  | walk | meditation  | shower | Audio books  | good meal | reddit | streaming  | youtube | keto | weight log,Good
24/11/2019,Nov-24,Sunday,9:06 PM,yolo,fasting  | walk | meditation  | Audio books  | good meal | reddit | streaming  | youtube | keto | weight log,Good
23/11/2019,Nov-23,Saturday,9:00 PM,yolo,fasting  | walk | meditation  | Audio books  | Watching series  | good meal | reddit | streaming  | youtube | keto | weight log,Good
22/11/2019,Nov-22,Friday,9:00 PM,wondering,prayer | fasting  | walk | meditation  | shower | Audio books  | Watching series  | News Update | reddit | youtube | keto | weight log,Normal
21/11/2019,Nov-21,Thursday,10:28 PM,focused ,fasting  | walk | meditation  | good meal | reddit | streaming  | youtube | keto | weight log,Good
20/11/2019,Nov-20,Wednesday,8:37 PM,focused ,prayer | fasting  | meditation  | shower | Audio books  | Watching series  | News Update | reddit | streaming  | youtube | keto | weight log,Good
19/11/2019,Nov-19,Tuesday,9:21 PM,yolo,reading | fasting  | walk | meditation  | Dota 2 | Audio books  | Watching series  | News Update | reddit | streaming  | youtube | keto | weight log,Good
18/11/2019,Nov-18,Monday,10:54 PM,meh,prayer | fasting  | walk | meditation  | shower | Audio books  | writing | News Update | good meal | reddit | streaming  | youtube | power nap | songs | keto | weight log,Normal
17/11/2019,Nov-17,Sunday,9:01 PM,blessed ,fasting  | walk | meditation  | Dota 2 | Audio books  | Watching series  | News Update | good meal | youtube | keto | weight log,Good
16/11/2019,Nov-16,Saturday,9:01 PM,Chill,prayer | fasting  | walk | meditation  | shower | Audio books  | Watching series  | News Update | good meal | reddit | streaming  | youtube | hiking  | keto | weight log,Good
15/11/2019,Nov-15,Friday,8:30 PM,blessed ,fasting  | walk | meditation  | Audio books  | Watching series  | News Update | good meal | reddit | youtube | keto | weight log,Good
14/11/2019,Nov-14,Thursday,9:49 PM,hungry ,fasting  | walk | meditation  | shower | Dota 2 | Audio books  | writing | Watching series  | News Update | good meal | reddit | streaming  | kaballah | keto | weight log,Good
13/11/2019,Nov-13,Wednesday,6:13 PM,confused ,prayer | fasting  | walk | meditation  | Audio books  | Watching series  | News Update | good meal | reddit | streaming  | youtube | movies | kaballah | keto | weight log,Normal
12/11/2019,Nov-12,Tuesday,8:34 PM,good,prayer | fasting  | walk | meditation  | shower | Dota 2 | podcast | Audio books  | Watching series  | News Update | good meal | reddit | streaming  | youtube | new things  | coding  | kaballah | keto | weight log,Good
11/11/2019,Nov-11,Monday,8:01 PM,blessed ,Write dairy  | fasting  | walk | meditation  | podcast | Audio books  | News Update | streaming  | youtube | new things  | power nap | coding  | kaballah | keto,Good
10/11/2019,Nov-10,Sunday,9:21 PM,blessed ,fasting  | walk | meditation  | Watching series  | News Update | good meal | reddit | streaming  | youtube | travel | family | hiking  | kaballah | keto | weight log,Good
09/11/2019,Nov-09,Saturday,8:01 PM,Chill,Write dairy  | prayer | fasting  | walk | meditation  | podcast | Audio books  | News Update | good meal | reddit | youtube | kaballah | keto | weight log,Good
08/11/2019,Nov-08,Friday,6:12 PM,wondering,prayer | fasting  | walk | meditation  | podcast | Audio books  | Watching series  | News Update | reddit | streaming  | youtube | kaballah | keto | weight log,Normal
07/11/2019,Nov-07,Thursday,6:15 PM,blessed ,Write dairy  | prayer | fasting  | walk | meditation  | Audio books  | Watching series  | reddit | streaming  | youtube | kaballah | keto | weight log,Good
06/11/2019,Nov-06,Wednesday,7:11 PM,over the moon ,Write dairy  | prayer | fasting  | walk | meditation  | podcast | Audio books  | Watching series  | News Update | reddit | streaming  | youtube | songs | kaballah | keto | weight log,Amazing
05/11/2019,Nov-05,Tuesday,9:01 PM,yolo,prayer | fasting  | walk | meditation  | Dota 2 | Audio books  | Watching series  | News Update | good meal | reddit | streaming  | youtube | power nap | kaballah | keto | weight log,Good
04/11/2019,Nov-04,Monday,9:07 PM,blessed ,fasting  | walk | meditation  | shower | Audio books  | Watching series  | News Update | good meal | reddit | youtube | new things  | keto | weight log,Good
03/11/2019,Nov-03,Sunday,9:00 PM,Cool,fasting  | walk | meditation  | Audio books  | Watching series  | good meal | streaming  | youtube | power nap,Amazing
02/11/2019,Nov-02,Saturday,9:02 PM,blessed ,fasting  | walk | meditation  | podcast | Audio books  | good meal | streaming  | youtube | research  | new things ,Good
01/11/2019,Nov-01,Friday,9:00 PM,excited ,prayer | fasting  | walk | meditation  | shower | Dota 2 | News Update | good meal | reddit | streaming  | youtube | travel | hiking ,Amazing
31/10/2019,Oct-31,Thursday,11:05 PM,blessed ,fasting  | walk | meditation  | Dota 2 | podcast | Watching series  | good meal | streaming  | youtube | power nap,Good
31/10/2019,Oct-31,Thursday,12:31 PM,yolo,fasting  | walk | meditation  | Dota 2 | podcast | Audio books  | writing | Watching series  | News Update | reddit | designing ,Good
30/10/2019,Oct-30,Wednesday,12:32 PM,blessed ,fasting  | walk | meditation  | shower | Dota 2 | podcast | News Update | good meal | reddit | streaming  | youtube | Email | weight log,Good
29/10/2019,Oct-29,Tuesday,2:35 PM,yolo,fasting  | walk | meditation  | Dota 2 | News Update | good meal | reddit | power nap,Good
28/10/2019,Oct-28,Monday,2:22 PM,blessed ,reading | Write dairy  | fasting  | walk | meditation  | Dota 2 | podcast | reddit | youtube | gaming | Email | penpal,Good
20/09/2019,Sep-20,Friday,2:00 PM,confused ,prayer | fasting  | shower | Audio books  | News Update | reddit | weight log,Normal
19/09/2019,Sep-19,Thursday,2:02 PM,confused ,fasting  | meditation  | News Update | reddit | youtube | research ,Normal
18/09/2019,Sep-18,Wednesday,2:01 PM,weak,Write dairy  | fasting  | meditation  | Dota 2 | News Update,Normal
17/09/2019,Sep-17,Tuesday,1:36 PM,confused ,Art | fasting  | meditation  | News Update | reddit | designing ,Normal
15/06/2019,Jun-15,Saturday,12:47 PM,blessed ,good meal | reddit | streaming  | youtube | gaming | songs | penpal,Good
14/06/2019,Jun-14,Friday,1:00 PM,blessed ,prayer | fasting  | meditation  | shower | Watching series  | reddit | streaming  | youtube | movies | penpal,Good
13/06/2019,Jun-13,Thursday,10:01 AM,blessed ,reading | fasting  | meditation  | shower | podcast | Watching series  | reddit | songs | penpal | weight log,Good
10/05/2019,May-10,Friday,2:23 PM,confused ,prayer | fasting  | walk | shower | podcast | Audio books  | Watching series  | News Update | reddit | youtube | movies | Email | penpal | weight log,Normal
09/05/2019,May-09,Thursday,12:00 PM,yolo,reading | prayer | fasting  | shower | podcast | Watching series  | News Update | streaming  | youtube | research  | penpal | weight log,Good
08/05/2019,May-08,Wednesday,10:00 AM,hungry ,prayer | fasting  | Quran  | podcast | News Update | reddit | streaming  | youtube | penpal,Good
07/05/2019,May-07,Tuesday,7:45 PM,yolo,fasting  | Quran  | podcast | Audio books  | News Update | good meal | streaming  | youtube | family | penpal,Good
07/05/2019,May-07,Tuesday,2:17 PM,blessed ,prayer | fasting  | Quran  | Audio books  | News Update | penpal,Good
06/05/2019,May-06,Monday,8:00 PM,blessed ,podcast | Audio books  | News Update | reddit | streaming  | youtube | gaming | power nap | Email | designing  | penpal | weight log,Good
05/05/2019,May-05,Sunday,12:12 PM,wondering,News Update | gaming | songs,Normal
04/05/2019,May-04,Saturday,10:15 AM,triggered ,Dota 2 | podcast | Audio books  | News Update | good meal | reddit | streaming  | youtube | Email | songs | designing  | weight log,Awful
03/05/2019,May-03,Friday,9:53 PM,yolo,prayer | fasting  | walk | shower | News Update | good meal | reddit | streaming  | youtube | movies | gaming | travel | family | Email | penpal,Good
02/05/2019,May-02,Thursday,3:05 PM,confused ,News Update | reddit | streaming  | youtube,Normal
01/05/2019,May-01,Wednesday,8:00 PM,confused ,walk | podcast | Audio books  | News Update | good meal | reddit | streaming  | youtube | Email | designing  | weight log,Normal
30/04/2019,Apr-30,Tuesday,10:22 AM,yolo,walk | Dota 2 | podcast | Audio books  | News Update | good meal | reddit | streaming  | youtube | Email | designing  | weight log,Good
29/04/2019,Apr-29,Monday,1:00 PM,hungry ,shower | Dota 2 | podcast | Audio books  | Watching series  | News Update | good meal | reddit | streaming  | youtube | designing  | weight log,Good
28/04/2019,Apr-28,Sunday,7:32 PM,blessed ,Dota 2 | Audio books  | News Update | good meal | reddit | youtube | designing  | weight log,Good
27/04/2019,Apr-27,Saturday,1:44 PM,wondering,fasting  | podcast | News Update | reddit | streaming  | youtube | penpal | weight log,Normal
01/03/2019,Mar-01,Friday,7:04 PM,confused ,prayer | podcast | News Update | good meal | reddit | youtube | penpal,Normal
01/03/2019,Mar-01,Friday,12:28 PM,confused ,prayer | News Update | good meal | reddit | streaming  | youtube | penpal,Normal
28/02/2019,Feb-28,Thursday,10:00 AM,blessed ,Write dairy  | meditation  | shower | podcast | Audio books  | Watching series  | reddit | youtube | penpal,Good
27/02/2019,Feb-27,Wednesday,9:31 AM,blessed ,Write dairy  | meditation  | Dota 2 | podcast | News Update | good meal | reddit | streaming  | youtube | designing  | penpal,Good
13/01/2019,Jan-13,Sunday,8:36 PM,blessed ,walk | Watching series  | News Update | good meal | streaming  | youtube | gaming | power nap | Email | designing  | penpal,Good
10/01/2019,Jan-10,Thursday,2:19 PM,yolo,,Good
09/01/2019,Jan-09,Wednesday,2:20 PM,wondering,Dota 2 | podcast | Watching series  | News Update | good meal | reddit | streaming  | youtube,Normal
08/01/2019,Jan-08,Tuesday,2:21 PM,blessed ,walk | Dota 2 | podcast | News Update | good meal | reddit | streaming  | youtube | movies | gaming | penpal,Good
07/01/2019,Jan-07,Monday,10:47 AM,confused ,walk | meditation  | Dota 2 | podcast | Audio books  | News Update | good meal | streaming  | youtube | gaming | Email | penpal,Normal
06/01/2019,Jan-06,Sunday,7:23 PM,blessed ,prayer | walk | shower | good meal | reddit | streaming  | youtube | movies | gaming | cleaning | power nap | Email | designing ,Good
05/01/2019,Jan-05,Saturday,7:00 PM,over the moon ,walk | Dota 2 | News Update | good meal | streaming  | youtube | penpal,Amazing
05/01/2019,Jan-05,Saturday,10:54 AM,confused ,News Update,Normal
04/01/2019,Jan-04,Friday,10:53 AM,sick,Dota 2 | podcast | News Update | good meal | youtube | gaming | family,Bad
03/01/2019,Jan-03,Thursday,12:59 PM,blessed ,meditation  | podcast | News Update | good meal | youtube | gaming,Good
02/01/2019,Jan-02,Wednesday,1:00 PM,yolo,podcast | good meal | reddit | youtube | gaming | Email,Good
01/01/2019,Jan-01,Tuesday,7:14 PM,blessed ,walk | meditation  | podcast | Audio books  | reddit | youtube | movies | gaming | Email,Good
31/12/2018,Dec-31,Monday,8:11 PM,blessed ,prayer | walk | meditation  | shower | Dota 2 | podcast | News Update | reddit | streaming  | youtube | gaming | penpal,Good
30/12/2018,Dec-30,Sunday,7:01 PM,blessed ,walk | meditation  | podcast | Audio books  | News Update | good meal | streaming  | youtube | gaming | penpal,Good
30/12/2018,Dec-30,Sunday,1:15 PM,yolo,podcast | News Update | streaming  | youtube | gaming,Good
29/12/2018,Dec-29,Saturday,1:16 PM,hungry ,walk | meditation  | Dota 2 | podcast | News Update | good meal | streaming  | youtube | gaming | designing  | penpal,Good
28/12/2018,Dec-28,Friday,7:18 PM,wondering,prayer | Dota 2 | podcast | News Update | good meal | streaming  | youtube | movies | gaming,Normal
28/12/2018,Dec-28,Friday,11:46 AM,blessed ,meditation  | News Update | good meal | streaming  | youtube,Good
27/12/2018,Dec-27,Thursday,11:45 AM,yolo,reading | walk | meditation  | Dota 2 | podcast | News Update | good meal | streaming  | youtube | gaming | songs,Good
26/12/2018,Dec-26,Wednesday,7:46 PM,hungry ,meditation  | Dota 2 | News Update | good meal | streaming  | youtube | gaming | power nap,Good
25/12/2018,Dec-25,Tuesday,11:51 AM,wondering,reading | meditation  | shower | podcast | News Update | good meal | streaming  | youtube | gaming | penpal | weight log,Normal
24/12/2018,Dec-24,Monday,5:27 PM,blessed ,reading | walk | meditation  | podcast | News Update | good meal | streaming  | youtube | gaming | new things  | songs | designing ,Good
23/12/2018,Dec-23,Sunday,7:52 PM,sad af,Dota 2 | streaming  | youtube,Awful
23/12/2018,Dec-23,Sunday,12:00 PM,hungry ,reading | meditation  | podcast | News Update | good meal | streaming  | youtube | new things  | designing  | penpal,Good
22/12/2018,Dec-22,Saturday,10:06 PM,Chill,reading | meditation  | Dota 2 | podcast | Audio books  | News Update | good meal | streaming  | youtube | movies | gaming | new things  | family | power nap | songs | designing  | friends | penpal,Good
21/12/2018,Dec-21,Friday,10:04 PM,blessed ,reading | prayer | walk | meditation  | shower | Dota 2 | podcast | Audio books  | Watching series  | good meal | streaming  | youtube | gaming,Good
20/12/2018,Dec-20,Thursday,10:05 PM,yolo,walk | meditation  | Dota 2 | podcast | Audio books  | News Update | good meal | streaming  | youtube | gaming | Email | penpal,Good
19/12/2018,Dec-19,Wednesday,10:06 PM,hungry ,walk | meditation  | Dota 2 | podcast | Audio books  | News Update | good meal | streaming  | youtube | gaming | new things  | designing ,Good
18/12/2018,Dec-18,Tuesday,12:00 PM,blessed ,reading | meditation  | News Update | good meal | streaming  | youtube | gaming | designing ,Good
17/12/2018,Dec-17,Monday,12:27 PM,blessed ,meditation  | News Update | good meal | streaming  | youtube | movies | designing ,Good
16/12/2018,Dec-16,Sunday,7:00 PM,hungry ,reading | meditation  | Dota 2 | News Update | good meal | streaming  | youtube,Good
15/12/2018,Dec-15,Saturday,12:01 PM,blessed ,reading | meditation  | penpal,Good
14/12/2018,Dec-14,Friday,7:00 PM,yolo,reading | prayer | meditation  | shower | News Update | streaming  | youtube | penpal,Good
13/12/2018,Dec-13,Thursday,6:15 PM,confused ,Dota 2 | News Update | good meal,Normal
13/12/2018,Dec-13,Thursday,11:22 AM,blessed ,meditation  | Dota 2 | News Update,Good
12/12/2018,Dec-12,Wednesday,11:19 AM,hungry ,meditation  | shower | Dota 2 | podcast | News Update | good meal | streaming  | youtube | gaming | designing  | penpal,Good
11/12/2018,Dec-11,Tuesday,11:20 AM,Chill,Exercise  | walk | meditation  | podcast | Audio books  | News Update | good meal | streaming  | youtube | movies | Email | designing  | penpal,Good
10/12/2018,Dec-10,Monday,11:21 AM,yolo,meditation  | podcast | Audio books  | News Update | streaming  | youtube | new things  | Email | designing  | jobs | weight log,Good
09/12/2018,Dec-09,Sunday,7:59 PM,hungry ,Dota 2 | podcast | Audio books  | News Update | good meal | streaming  | youtube | designing  | party | weight log,Good
09/12/2018,Dec-09,Sunday,12:00 PM,blessed ,meditation  | News Update | weight log,Good
08/12/2018,Dec-08,Saturday,7:16 PM,blessed ,podcast | Audio books  | Watching series  | News Update | good meal | youtube | gaming | designing ,Good
08/12/2018,Dec-08,Saturday,12:15 PM,blessed ,meditation  | shower | Audio books  | News Update | good meal | streaming  | youtube | designing  | penpal,Good
07/12/2018,Dec-07,Friday,4:14 PM,blessed ,reading | prayer | meditation  | Audio books  | Watching series  | News Update | good meal | streaming  | youtube | new things  | Email | designing  | jobs | weight log,Good
06/12/2018,Dec-06,Thursday,4:15 PM,hungry ,meditation  | Dota 2 | podcast | News Update | good meal | streaming  | youtube | new things  | Email | penpal,Good
05/12/2018,Dec-05,Wednesday,7:37 PM,scared ,walk | Dota 2 | podcast | Watching series  | News Update | good meal | streaming  | youtube | designing ,Bad
05/12/2018,Dec-05,Wednesday,12:42 PM,yolo,meditation  | podcast | News Update | good meal | youtube | new things  | Email | designing  | penpal | jobs,Good
04/12/2018,Dec-04,Tuesday,12:00 PM,blessed ,meditation  | Audio books  | News Update | youtube | new things  | designing ,Good
03/12/2018,Dec-03,Monday,12:03 PM,over the moon ,meditation  | Audio books  | News Update | good meal | youtube | power nap,Amazing
02/12/2018,Dec-02,Sunday,12:02 PM,hungry ,walk | meditation  | Audio books  | youtube | power nap,Good
01/12/2018,Dec-01,Saturday,7:10 PM,angry,Audio books  | News Update | travel | family,Awful
01/12/2018,Dec-01,Saturday,12:00 PM,blessed ,meditation  | podcast | Audio books  | News Update | good meal | youtube | gaming | penpal | weight log,Good
30/11/2018,Nov-30,Friday,12:45 PM,yolo,prayer | meditation  | shower | Audio books  | News Update | good meal | youtube | new things  | weight log,Good
29/11/2018,Nov-29,Thursday,7:20 PM,blessed ,walk | shower | Audio books  | good meal | gaming | travel | songs | designing ,Good
29/11/2018,Nov-29,Thursday,3:14 PM,yolo,meditation  | shower | podcast | News Update | streaming  | youtube | gaming | designing ,Good
28/11/2018,Nov-28,Wednesday,12:00 PM,blessed ,meditation  | Audio books  | News Update | youtube | new things  | designing  | repair | penpal | weight log,Good
27/11/2018,Nov-27,Tuesday,12:07 PM,yolo,reading | meditation  | Audio books  | good meal | youtube | gaming | new things  | Email | designing ,Good
26/11/2018,Nov-26,Monday,7:22 PM,blessed ,prayer | shower | Audio books  | News Update | good meal | streaming  | youtube | new things  | designing ,Good
26/11/2018,Nov-26,Monday,12:11 PM,over the moon ,meditation  | shower | Audio books  | Watching series  | News Update | good meal | youtube | gaming | designing  | penpal,Amazing
25/11/2018,Nov-25,Sunday,6:21 PM,confused ,meditation  | Dota 2 | podcast | Audio books  | Watching series  | News Update | good meal | youtube | gaming | Email | penpal | weight log,Normal
24/11/2018,Nov-24,Saturday,12:49 PM,blessed ,meditation  | podcast | Audio books  | good meal | streaming  | gaming,Good
23/11/2018,Nov-23,Friday,12:03 PM,blessed ,prayer | meditation  | Audio books  | News Update,Good
22/11/2018,Nov-22,Thursday,10:05 AM,over the moon ,fasting  | walk | meditation  | Audio books  | News Update,Amazing
21/11/2018,Nov-21,Wednesday,10:08 AM,blessed ,fasting  | meditation  | Dota 2 | podcast | Audio books  | News Update | good meal | streaming  | youtube | gaming | travel | penpal | party | weight log,Good
20/11/2018,Nov-20,Tuesday,12:00 PM,yolo,meditation  | podcast | Audio books  | News Update | youtube | gaming | cleaning | Email | penpal | weight log,Good
19/11/2018,Nov-19,Monday,1:34 PM,blessed ,fasting  | meditation  | shower | Audio books  | Watching series  | News Update | youtube | gaming | designing  | penpal | jobs | weight log,Good
18/11/2018,Nov-18,Sunday,12:02 PM,hungry ,reading | prayer | meditation  | shower | Dota 2 | podcast | Audio books  | News Update | youtube | movies | weight log,Good
17/11/2018,Nov-17,Saturday,7:15 PM,hungry ,reading | meditation  | Audio books  | News Update | good meal | streaming  | youtube | penpal | weight log,Good
16/11/2018,Nov-16,Friday,8:24 PM,yolo,prayer | shower | Audio books  | Watching series  | News Update | youtube | gaming | penpal,Good
16/11/2018,Nov-16,Friday,12:25 PM,wondering,meditation  | podcast | Audio books  | News Update | good meal | streaming  | gaming,Normal
15/11/2018,Nov-15,Thursday,12:13 PM,blessed ,reading | meditation  | podcast | Audio books  | Watching series  | News Update | good meal | youtube | gaming | Email | penpal,Good
14/11/2018,Nov-14,Wednesday,12:11 PM,yolo,fasting  | meditation  | podcast | Audio books  | News Update | good meal | Email | penpal,Good
13/11/2018,Nov-13,Tuesday,7:19 PM,hungry ,reading | meditation  | Audio books  | Watching series  | News Update | streaming  | youtube,Good
13/11/2018,Nov-13,Tuesday,12:00 PM,yolo,reading | meditation  | Audio books  | penpal,Good
12/11/2018,Nov-12,Monday,1:40 PM,Cool,reading | meditation  | Watching series  | News Update | good meal | streaming  | youtube | penpal,Amazing
11/11/2018,Nov-11,Sunday,12:00 PM,yolo,reading | meditation  | Dota 2 | podcast | Watching series  | News Update | good meal | streaming  | youtube | power nap,Good
10/11/2018,Nov-10,Saturday,1:45 PM,yolo,reading | Write dairy  | meditation  | Watching series  | good meal | streaming  | youtube | movies | Email | penpal,Good
09/11/2018,Nov-09,Friday,1:14 PM,wondering,reading | meditation  | shower | News Update | research ,Normal
08/11/2018,Nov-08,Thursday,10:07 PM,blessed ,reading | Audio books  | streaming  | youtube | movies,Good
08/11/2018,Nov-08,Thursday,12:00 PM,blessed ,reading | meditation  | News Update | good meal,Good
07/11/2018,Nov-07,Wednesday,12:15 PM,yolo,reading | meditation  | shower | News Update | good meal | songs | penpal,Good
06/11/2018,Nov-06,Tuesday,1:33 PM,blessed ,reading | meditation  | News Update | good meal | streaming  | youtube | new things  | designing  | penpal,Good
05/11/2018,Nov-05,Monday,12:56 PM,blessed ,meditation  | News Update | youtube | penpal,Good
05/11/2018,Nov-05,Monday,10:07 AM,wondering,reading | meditation  | Audio books  | News Update | youtube | new things  | penpal | weight log,Normal
04/11/2018,Nov-04,Sunday,10:11 AM,yolo,reading | meditation  | podcast | Audio books  | News Update | good meal | streaming  | youtube | gaming | new things  | designing  | penpal | weight log,Good
03/11/2018,Nov-03,Saturday,10:10 AM,blessed ,reading | walk | meditation  | podcast | Audio books  | News Update | youtube | movies | new things  | Email | penpal | jobs | weight log,Good
02/11/2018,Nov-02,Friday,1:12 PM,blessed ,reading | prayer | meditation  | shower | News Update | streaming  | cleaning | weight log,Good
01/11/2018,Nov-01,Thursday,11:49 PM,blessed ,reading | fasting  | meditation  | Audio books  | Watching series  | good meal | streaming  | youtube | movies | songs | penpal | weight log,Good
31/10/2018,Oct-31,Wednesday,3:57 PM,blessed ,reading | Write dairy  | meditation  | podcast | Watching series  | News Update | youtube | gaming | cleaning | penpal | weight log,Good
30/10/2018,Oct-30,Tuesday,10:15 AM,blessed ,reading | meditation  | podcast | Audio books  | News Update | gaming | penpal | shopping,Good
29/10/2018,Oct-29,Monday,12:00 PM,blessed ,reading | fasting  | meditation  | News Update | penpal,Good
28/10/2018,Oct-28,Sunday,7:00 PM,blessed ,reading | Write dairy  | meditation  | shower | Dota 2 | podcast | Audio books  | News Update | streaming  | youtube | research  | power nap | Email | penpal,Good
27/10/2018,Oct-27,Saturday,11:17 AM,yolo,reading | meditation  | News Update | penpal,Good
26/10/2018,Oct-26,Friday,10:35 AM,focused ,reading | meditation  | News Update,Good
25/10/2018,Oct-25,Thursday,7:00 PM,hungry ,reading | walk | Watching series  | youtube | Email | penpal,Good
25/10/2018,Oct-25,Thursday,11:13 AM,good,meditation  | penpal,Good
25/10/2018,Oct-25,Thursday,10:03 AM,wondering,News Update | penpal,Normal
24/10/2018,Oct-24,Wednesday,7:11 PM,yolo,shower | Watching series  | good meal | streaming  | youtube | new things  | power nap | penpal,Good
24/10/2018,Oct-24,Wednesday,10:30 AM,wondering,meditation  | News Update | new things  | penpal | weight log,Normal
23/10/2018,Oct-23,Tuesday,7:12 PM,confused ,prayer | walk | podcast | power nap | penpal,Normal
23/10/2018,Oct-23,Tuesday,10:00 AM,yolo,Exercise  | meditation  | podcast,Good
22/10/2018,Oct-22,Monday,7:36 PM,blessed ,podcast | streaming  | youtube | gaming | penpal,Good
22/10/2018,Oct-22,Monday,11:04 AM,confused ,meditation  | power nap | songs,Normal
21/10/2018,Oct-21,Sunday,7:00 PM,blessed ,prayer | Audio books  | youtube | new things  | penpal,Good
21/10/2018,Oct-21,Sunday,10:00 AM,blessed ,meditation  | News Update | penpal,Good
20/10/2018,Oct-20,Saturday,4:41 PM,hungry ,streaming  | youtube | gaming | new things  | power nap,Good
20/10/2018,Oct-20,Saturday,10:00 AM,good,Write dairy  | meditation  | research  | penpal | coding ,Good
19/10/2018,Oct-19,Friday,11:28 AM,blessed ,meditation  | Watching series  | good meal | youtube | penpal | Tutorial ,Good
25/09/2018,Sep-25,Tuesday,2:00 PM,wondering,shower | Audio books  | News Update | good meal | youtube,Normal
25/09/2018,Sep-25,Tuesday,10:15 AM,sick,youtube,Bad
18/09/2018,Sep-18,Tuesday,10:49 AM,worried ,prayer,Bad
17/09/2018,Sep-17,Monday,7:00 PM,blessed ,prayer | walk | shower | Dota 2 | podcast | Audio books  | News Update | new things  | Email | songs,Good
16/09/2018,Sep-16,Sunday,7:05 PM,blessed ,Dota 2 | News Update | streaming  | youtube,Good
16/09/2018,Sep-16,Sunday,10:06 AM,wondering,News Update | penpal,Normal
14/09/2018,Sep-14,Friday,8:42 PM,blessed ,prayer | Dota 2 | podcast | News Update,Good
13/09/2018,Sep-13,Thursday,9:07 PM,blessed ,News Update,Good
13/09/2018,Sep-13,Thursday,2:07 PM,triggered ,Dota 2,Awful
13/09/2018,Sep-13,Thursday,10:04 AM,sick,Audio books  | News Update | power nap,Bad
12/09/2018,Sep-12,Wednesday,7:03 PM,sick,Dota 2 | youtube,Bad
12/09/2018,Sep-12,Wednesday,2:13 PM,triggered ,Dota 2,Awful
12/09/2018,Sep-12,Wednesday,10:00 AM,confused ,News Update | Email | penpal,Normal
11/09/2018,Sep-11,Tuesday,7:43 PM,Chill,Dota 2 | News Update | youtube,Good
11/09/2018,Sep-11,Tuesday,3:14 PM,hungry ,Dota 2 | Watching series  | good meal,Good
11/09/2018,Sep-11,Tuesday,11:28 AM,wondering,Dota 2 | podcast | Audio books  | News Update | youtube | penpal,Normal
10/09/2018,Sep-10,Monday,7:07 PM,blessed ,walk | Dota 2 | streaming  | youtube | songs,Good
10/09/2018,Sep-10,Monday,2:00 PM,confused ,News Update | good meal | youtube,Normal
10/09/2018,Sep-10,Monday,11:05 AM,wondering,Watching series  | News Update | good meal | youtube | penpal,Normal
09/09/2018,Sep-09,Sunday,11:29 PM,over the moon ,walk | shower | Dota 2 | podcast | Watching series  | News Update | good meal | youtube | travel | new things  | family | friends | penpal,Amazing
17/07/2018,Jul-17,Tuesday,7:17 PM,sad af,Dota 2 | podcast | good meal | streaming  | youtube | weight log,Awful
16/07/2018,Jul-16,Monday,2:02 PM,hungry ,Dota 2 | podcast | Audio books  | streaming  | youtube | weight log,Good
16/07/2018,Jul-16,Monday,10:20 AM,confused ,,Normal
10/07/2018,Jul-10,Tuesday,7:14 PM,Chill,shower | Dota 2 | good meal | streaming  | youtube | phd | jobs,Good
09/07/2018,Jul-09,Monday,9:58 AM,confused ,,Normal
08/07/2018,Jul-08,Sunday,2:28 PM,worried ,Dota 2,Bad
07/07/2018,Jul-07,Saturday,2:03 PM,triggered ,Dota 2,Awful
06/07/2018,Jul-06,Friday,7:07 PM,triggered ,fasting  | Dota 2,Awful
06/07/2018,Jul-06,Friday,2:15 PM,triggered ,prayer | fasting  | meditation  | shower | streaming  | youtube,Awful
05/07/2018,Jul-05,Thursday,7:51 PM,good,meditation  | shower | Dota 2 | good meal | streaming  | youtube | Email | weight log,Good
05/07/2018,Jul-05,Thursday,10:00 AM,blessed ,meditation  | shower | weight log,Good
04/07/2018,Jul-04,Wednesday,11:42 AM,blessed ,meditation ,Good
04/07/2018,Jul-04,Wednesday,11:14 AM,weak,,Normal
03/07/2018,Jul-03,Tuesday,11:40 AM,yolo,reading | meditation  | shower | Dota 2 | podcast | Audio books  | Watching series  | streaming  | youtube | family | Email,Good
03/07/2018,Jul-03,Tuesday,10:21 AM,hungry ,,Good
01/07/2018,Jul-01,Sunday,7:31 PM,confused ,reading | meditation  | shower | Dota 2 | Audio books  | Watching series  | streaming  | youtube | movies | Email | songs | jobs | weight log,Normal
30/06/2018,Jun-30,Saturday,3:05 PM,hungry ,podcast | Audio books  | Watching series  | streaming  | youtube | Email | songs | weight log,Good
30/06/2018,Jun-30,Saturday,10:12 AM,Chill,,Good
29/06/2018,Jun-29,Friday,7:00 PM,yolo,streaming  | movies,Good
29/06/2018,Jun-29,Friday,4:59 PM,blessed ,reading | Write dairy  | prayer | meditation  | shower | Audio books  | Watching series  | streaming  | youtube | movies | new things  | Email | weight log,Good
28/06/2018,Jun-28,Thursday,10:00 AM,blessed ,Write dairy  | meditation  | streaming  | youtube | cleaning,Good
27/06/2018,Jun-27,Wednesday,7:00 PM,confused ,shower | streaming  | youtube,Normal
27/06/2018,Jun-27,Wednesday,11:13 AM,over the moon ,,Amazing
26/06/2018,Jun-26,Tuesday,7:24 PM,blessed ,Audio books  | Watching series  | good meal | streaming  | youtube | Email | party,Good
26/06/2018,Jun-26,Tuesday,2:08 PM,excited ,reading | Write dairy  | prayer | shower | Audio books  | Watching series  | new things  | Email | weight log,Amazing
26/06/2018,Jun-26,Tuesday,1:46 AM,weak,Dota 2 | podcast | Audio books  | Watching series  | streaming  | youtube | Email,Normal
24/06/2018,Jun-24,Sunday,3:18 PM,Chill,fasting  | shower | Audio books  | streaming  | youtube | songs,Good
23/06/2018,Jun-23,Saturday,3:08 PM,blessed ,Write dairy  | fasting  | Audio books  | streaming  | youtube | Email | songs | weight log,Good
22/06/2018,Jun-22,Friday,2:00 PM,blessed ,prayer,Good
22/06/2018,Jun-22,Friday,10:10 AM,hungry ,Dota 2 | streaming  | youtube | songs,Good
20/06/2018,Jun-20,Wednesday,2:01 PM,blessed ,Watching series  | streaming ,Good
19/06/2018,Jun-19,Tuesday,2:04 PM,Chill,Dota 2 | Watching series ,Good
17/06/2018,Jun-17,Sunday,2:01 PM,worried ,streaming  | youtube | movies,Bad
15/06/2018,Jun-15,Friday,7:00 PM,blessed ,Dota 2 | Watching series  | streaming  | youtube | movies,Good
15/06/2018,Jun-15,Friday,3:11 PM,confused ,,Normal
14/06/2018,Jun-14,Thursday,3:00 PM,wondering,prayer | fasting  | shower | Dota 2 | youtube | power nap,Normal
14/06/2018,Jun-14,Thursday,11:07 AM,scared ,,Bad
13/06/2018,Jun-13,Wednesday,2:09 PM,confused ,Email | jobs,Normal
13/06/2018,Jun-13,Wednesday,11:32 AM,sad af,,Awful
12/06/2018,Jun-12,Tuesday,7:16 PM,hungry ,prayer | shower | Dota 2 | Audio books ,Good
12/06/2018,Jun-12,Tuesday,12:34 PM,hungry ,reading | fasting  | shower | Dota 2 | Audio books  | youtube,Good
11/06/2018,Jun-11,Monday,3:27 PM,yolo,Dota 2 | youtube,Good
10/06/2018,Jun-10,Sunday,7:07 PM,blessed ,Dota 2 | Audio books  | streaming ,Good
10/06/2018,Jun-10,Sunday,2:04 PM,hungry ,Dota 2 | streaming ,Good
10/06/2018,Jun-10,Sunday,10:59 AM,confused ,,Normal
09/06/2018,Jun-09,Saturday,7:00 PM,yolo,prayer | fasting  | Dota 2 | Audio books  | streaming ,Good
09/06/2018,Jun-09,Saturday,1:28 PM,blessed ,meditation  | shower | Dota 2 | streaming ,Good
28/05/2018,May-28,Monday,2:55 PM,Cool,youtube | Email | jobs,Amazing
27/05/2018,May-27,Sunday,7:40 PM,blessed ,prayer | fasting  | Dota 2 | podcast | streaming  | youtube | Email | jobs,Good
27/05/2018,May-27,Sunday,2:00 PM,blessed ,Dota 2 | streaming  | Email,Good
26/05/2018,May-26,Saturday,10:05 AM,worried ,,Bad
24/05/2018,May-24,Thursday,2:14 PM,confused ,Email | jobs,Normal
24/05/2018,May-24,Thursday,12:23 PM,yolo,,Good
23/05/2018,May-23,Wednesday,7:00 PM,hungry ,prayer | fasting  | streaming  | youtube,Good
23/05/2018,May-23,Wednesday,1:13 PM,blessed ,reading | Write dairy  | fasting  | meditation  | shower | podcast | Audio books  | weight log,Good
22/05/2018,May-22,Tuesday,8:42 PM,blessed ,prayer | Audio books  | youtube,Good
22/05/2018,May-22,Tuesday,2:03 PM,blessed ,prayer | fasting  | meditation  | Dota 2 | podcast | youtube,Good
22/05/2018,May-22,Tuesday,11:40 AM,wondering,,Normal
21/05/2018,May-21,Monday,7:28 PM,blessed ,prayer | fasting  | walk | podcast | Audio books  | streaming  | youtube | Email | songs,Good
21/05/2018,May-21,Monday,2:33 PM,blessed ,prayer | fasting  | meditation  | shower | Audio books  | youtube | new things  | Email,Good
10/05/2018,May-10,Thursday,10:00 AM,blessed ,Audio books ,Good
09/05/2018,May-09,Wednesday,7:32 PM,focused ,,Good
09/05/2018,May-09,Wednesday,2:52 PM,blessed ,streaming  | youtube | Email,Good
08/05/2018,May-08,Tuesday,8:04 PM,confused ,prayer,Normal
08/05/2018,May-08,Tuesday,2:02 PM,blessed ,prayer | shower | youtube | Email | songs,Good
08/05/2018,May-08,Tuesday,11:32 AM,blessed ,,Good
07/05/2018,May-07,Monday,8:03 PM,blessed ,podcast | Watching series  | youtube,Good
07/05/2018,May-07,Monday,2:53 PM,blessed ,Dota 2 | Audio books  | youtube | Email,Good
07/05/2018,May-07,Monday,12:06 PM,confused ,,Normal
06/05/2018,May-06,Sunday,7:23 PM,blessed ,streaming ,Good
06/05/2018,May-06,Sunday,2:00 PM,wondering,Audio books  | youtube | research ,Normal
06/05/2018,May-06,Sunday,10:41 AM,confused ,,Normal
05/05/2018,May-05,Saturday,7:07 PM,blessed ,Watching series  | streaming  | youtube | research ,Good
05/05/2018,May-05,Saturday,2:48 PM,confused ,Dota 2 | Watching series  | streaming  | youtube,Normal
05/05/2018,May-05,Saturday,10:14 AM,confused ,,Normal
04/05/2018,May-04,Friday,7:33 PM,blessed ,Dota 2 | podcast | Watching series  | streaming  | youtube,Good
04/05/2018,May-04,Friday,2:09 PM,hungry ,prayer | shower | streaming  | youtube | research  | new things  | weight log,Good
04/05/2018,May-04,Friday,11:32 AM,blessed ,,Good
03/05/2018,May-03,Thursday,7:18 PM,blessed ,prayer | shower | Dota 2 | podcast | youtube,Good
03/05/2018,May-03,Thursday,2:37 PM,confused ,Watching series  | good meal | youtube | Email,Normal
03/05/2018,May-03,Thursday,11:32 AM,meh,,Normal
02/05/2018,May-02,Wednesday,8:23 PM,sad af,Dota 2 | streaming  | youtube,Awful
02/05/2018,May-02,Wednesday,2:02 PM,triggered ,streaming  | youtube | Email,Awful
02/05/2018,May-02,Wednesday,11:22 AM,worried ,youtube | Email,Bad
02/05/2018,May-02,Wednesday,10:33 AM,confused ,,Normal
01/05/2018,May-01,Tuesday,7:00 PM,confused ,Watching series  | good meal | streaming  | youtube | research ,Normal
01/05/2018,May-01,Tuesday,2:51 PM,worried ,reading | Write dairy  | youtube | research ,Bad
01/05/2018,May-01,Tuesday,12:00 PM,confused ,,Normal
30/04/2018,Apr-30,Monday,9:17 PM,blessed ,meditation  | shower | podcast | Watching series  | good meal | streaming  | youtube | Email | designing ,Good
30/04/2018,Apr-30,Monday,2:00 PM,wondering,,Normal
30/04/2018,Apr-30,Monday,10:00 AM,Chill,,Good
29/04/2018,Apr-29,Sunday,2:47 PM,blessed ,Write dairy  | Watching series  | good meal | streaming  | youtube | new things ,Good
29/04/2018,Apr-29,Sunday,11:42 AM,worried ,,Bad
28/04/2018,Apr-28,Saturday,2:01 PM,yolo,Watching series  | good meal | streaming  | youtube | Email,Good
27/04/2018,Apr-27,Friday,7:46 PM,wondering,Dota 2,Normal
27/04/2018,Apr-27,Friday,2:27 PM,Cool,good meal | streaming  | youtube | Email | phd | jobs,Amazing
26/04/2018,Apr-26,Thursday,2:01 PM,yolo,Dota 2 | good meal | streaming  | youtube | Email,Good
25/04/2018,Apr-25,Wednesday,3:33 PM,blessed ,prayer | Dota 2 | Watching series  | streaming  | youtube | movies | Email,Good
24/04/2018,Apr-24,Tuesday,2:00 PM,confused ,,Normal
23/04/2018,Apr-23,Monday,7:02 PM,blessed ,Watching series  | streaming  | youtube,Good
23/04/2018,Apr-23,Monday,2:00 PM,hungry ,Dota 2 | Watching series  | streaming  | youtube,Good
23/04/2018,Apr-23,Monday,10:34 AM,confused ,power nap,Normal
22/04/2018,Apr-22,Sunday,11:53 PM,wondering,Dota 2 | Watching series  | streaming  | youtube,Normal
22/04/2018,Apr-22,Sunday,2:00 PM,meh,good meal | streaming  | youtube | research  | Email | jobs,Normal
21/04/2018,Apr-21,Saturday,8:59 PM,blessed ,,Good
21/04/2018,Apr-21,Saturday,10:16 AM,excited ,,Amazing
20/04/2018,Apr-20,Friday,7:34 PM,triggered ,Dota 2,Awful
20/04/2018,Apr-20,Friday,2:02 PM,hungry ,prayer | shower | Dota 2 | streaming  | youtube | new things ,Good
20/04/2018,Apr-20,Friday,10:00 AM,good,shower | power nap,Good
09/04/2018,Apr-09,Monday,7:52 PM,worried ,Dota 2 | podcast | Audio books  | streaming  | youtube | songs,Bad
08/04/2018,Apr-08,Sunday,10:33 AM,confused ,,Normal
07/04/2018,Apr-07,Saturday,1:27 PM,weak,Dota 2 | good meal | streaming  | travel,Normal
06/04/2018,Apr-06,Friday,2:00 PM,blessed ,prayer | Dota 2 | good meal | streaming ,Good
06/04/2018,Apr-06,Friday,11:57 AM,wondering,,Normal
05/04/2018,Apr-05,Thursday,2:00 PM,sick,streaming ,Bad
04/04/2018,Apr-04,Wednesday,7:10 PM,confused ,,Normal
04/04/2018,Apr-04,Wednesday,10:00 AM,sad af,Dota 2 | streaming ,Awful
03/04/2018,Apr-03,Tuesday,2:00 PM,sick,good meal | streaming  | travel,Bad
01/04/2018,Apr-01,Sunday,7:02 PM,blessed ,shower | streaming  | youtube | gaming | new things ,Good
01/04/2018,Apr-01,Sunday,2:06 PM,Chill,,Good
01/04/2018,Apr-01,Sunday,10:05 AM,blessed ,,Good
31/03/2018,Mar-31,Saturday,7:06 PM,excited ,,Amazing
31/03/2018,Mar-31,Saturday,10:00 AM,confused ,,Normal
30/03/2018,Mar-30,Friday,7:01 PM,excited ,prayer | shower | Audio books  | streaming  | youtube | new things  | weight log,Amazing
30/03/2018,Mar-30,Friday,2:07 PM,hungry ,,Good
30/03/2018,Mar-30,Friday,11:00 AM,yolo,,Good
29/03/2018,Mar-29,Thursday,7:23 PM,blessed ,prayer | shower | streaming ,Good
29/03/2018,Mar-29,Thursday,11:29 AM,Chill,meditation  | Dota 2 | good meal | streaming  | youtube | songs,Good
28/03/2018,Mar-28,Wednesday,7:22 PM,over the moon ,Dota 2 | good meal | streaming  | youtube,Amazing
28/03/2018,Mar-28,Wednesday,2:00 PM,blessed ,,Good
28/03/2018,Mar-28,Wednesday,10:00 AM,blessed ,Write dairy  | walk | meditation  | Audio books  | new things  | songs,Good
27/03/2018,Mar-27,Tuesday,6:07 PM,Chill,Write dairy  | shower | Dota 2 | Audio books  | good meal | streaming  | youtube | family | jobs,Good
27/03/2018,Mar-27,Tuesday,2:09 PM,wondering,Dota 2 | streaming  | youtube | research  | Email,Normal
27/03/2018,Mar-27,Tuesday,10:03 AM,wondering,,Normal
26/03/2018,Mar-26,Monday,10:30 AM,blessed ,Dota 2 | streaming ,Good
26/03/2018,Mar-26,Monday,8:44 AM,worried ,streaming ,Bad
25/03/2018,Mar-25,Sunday,10:26 AM,focused ,,Good
24/03/2018,Mar-24,Saturday,2:15 PM,yolo,Watching series  | streaming  | youtube,Good
23/03/2018,Mar-23,Friday,7:51 PM,excited ,travel,Amazing
23/03/2018,Mar-23,Friday,2:00 PM,good,Watching series  | youtube,Good
23/03/2018,Mar-23,Friday,10:31 AM,blessed ,Dota 2 | streaming  | youtube,Good
22/03/2018,Mar-22,Thursday,2:00 PM,Chill,Dota 2 | streaming  | youtube,Good
22/03/2018,Mar-22,Thursday,10:00 AM,excited ,shower | good meal | streaming  | youtube | Email,Amazing
21/03/2018,Mar-21,Wednesday,7:02 PM,wondering,,Normal
21/03/2018,Mar-21,Wednesday,2:00 PM,Chill,,Good
21/03/2018,Mar-21,Wednesday,11:31 AM,blessed ,walk | meditation  | streaming  | youtube,Good
20/03/2018,Mar-20,Tuesday,7:16 PM,Cool,,Amazing
20/03/2018,Mar-20,Tuesday,2:00 PM,hungry ,,Good
20/03/2018,Mar-20,Tuesday,10:08 AM,worried ,Dota 2 | streaming  | youtube | research ,Bad
19/03/2018,Mar-19,Monday,7:05 PM,Cool,Dota 2,Amazing
19/03/2018,Mar-19,Monday,3:01 PM,excited ,prayer | Watching series  | streaming  | youtube | new things  | Email,Amazing
18/03/2018,Mar-18,Sunday,10:00 AM,blessed ,meditation  | shower | Dota 2 | streaming  | research  | new things ,Good
17/03/2018,Mar-17,Saturday,2:17 PM,confused ,streaming  | youtube,Normal
17/03/2018,Mar-17,Saturday,10:04 AM,wondering,movies,Normal
16/03/2018,Mar-16,Friday,2:34 PM,yolo,Dota 2 | streaming ,Good
16/03/2018,Mar-16,Friday,10:20 AM,blessed ,shower | good meal | travel | cleaning | Email,Good
14/03/2018,Mar-14,Wednesday,2:06 PM,yolo,Dota 2 | youtube | Email,Good
14/03/2018,Mar-14,Wednesday,10:00 AM,Chill,Email,Good
12/03/2018,Mar-12,Monday,2:17 PM,worried ,,Bad
11/03/2018,Mar-11,Sunday,7:01 PM,sad af,,Awful
11/03/2018,Mar-11,Sunday,2:26 PM,blessed ,Dota 2 | Watching series  | streaming  | youtube,Good
10/03/2018,Mar-10,Saturday,2:06 PM,focused ,coding  | Tutorial ,Good
10/03/2018,Mar-10,Saturday,10:50 AM,meh,cleaning | power nap,Normal
09/03/2018,Mar-09,Friday,10:06 AM,weak,walk,Normal
08/03/2018,Mar-08,Thursday,2:26 PM,hungry ,Dota 2 | Watching series  | streaming  | youtube | coding  | Tutorial ,Good
08/03/2018,Mar-08,Thursday,10:13 AM,blessed ,walk | Watching series  | power nap,Good
07/03/2018,Mar-07,Wednesday,7:37 PM,worried ,Watching series  | research  | power nap,Bad
07/03/2018,Mar-07,Wednesday,11:39 AM,worried ,Dota 2,Bad
06/03/2018,Mar-06,Tuesday,10:00 AM,wondering,Dota 2 | youtube | Email,Normal
05/03/2018,Mar-05,Monday,7:02 PM,angry,Dota 2 | streaming  | youtube,Awful
05/03/2018,Mar-05,Monday,2:53 PM,Chill,Dota 2,Good
05/03/2018,Mar-05,Monday,10:44 AM,triggered ,Dota 2,Awful
04/03/2018,Mar-04,Sunday,7:10 PM,over the moon ,Dota 2 | streaming ,Amazing
04/03/2018,Mar-04,Sunday,2:02 PM,yolo,Dota 2 | streaming  | youtube | power nap,Good
03/03/2018,Mar-03,Saturday,7:09 PM,Chill,Dota 2 | streaming  | youtube,Good
03/03/2018,Mar-03,Saturday,2:00 PM,Cool,streaming  | youtube | research  | new things  | Email | phd,Amazing
03/03/2018,Mar-03,Saturday,10:20 AM,blessed ,prayer | streaming  | youtube | power nap,Good
02/03/2018,Mar-02,Friday,2:53 PM,Chill,streaming  | youtube | movies | research  | Email | phd,Good
02/03/2018,Mar-02,Friday,10:22 AM,blessed ,power nap,Good
01/03/2018,Mar-01,Thursday,8:05 PM,worried ,Dota 2 | streaming  | youtube,Bad
01/03/2018,Mar-01,Thursday,2:03 PM,meh,shower | good meal | streaming  | youtube | weight log,Normal
01/03/2018,Mar-01,Thursday,12:20 PM,meh,Dota 2 | good meal | streaming  | youtube | power nap,Normal
28/02/2018,Feb-28,Wednesday,10:21 AM,blessed ,prayer | power nap,Good
27/02/2018,Feb-27,Tuesday,5:04 PM,hungry ,Dota 2 | good meal | streaming  | youtube | movies | gaming | weight log,Good
26/02/2018,Feb-26,Monday,7:00 PM,happiest day,Dota 2 | streaming  | cleaning | Email,Amazing
26/02/2018,Feb-26,Monday,2:07 PM,yolo,youtube | power nap,Good
26/02/2018,Feb-26,Monday,7:18 AM,over the moon ,reading | prayer | research  | new things  | power nap,Amazing
25/02/2018,Feb-25,Sunday,7:04 PM,excited ,Dota 2 | streaming  | youtube | movies,Amazing
25/02/2018,Feb-25,Sunday,4:08 PM,Chill,prayer | walk | good meal | youtube | movies | power nap | songs | friends,Good
24/02/2018,Feb-24,Saturday,9:36 PM,yolo,prayer | Dota 2 | Watching series  | good meal | streaming  | youtube,Good
24/02/2018,Feb-24,Saturday,9:31 AM,scared ,prayer | power nap,Bad
22/02/2018,Feb-22,Thursday,2:00 PM,confused ,shower | Watching series  | youtube | movies | power nap,Normal
21/02/2018,Feb-21,Wednesday,2:29 PM,wondering,youtube | power nap,Normal
21/02/2018,Feb-21,Wednesday,10:34 AM,blessed ,Watching series  | streaming  | youtube | power nap,Good
20/02/2018,Feb-20,Tuesday,7:46 PM,weak,walk | Dota 2 | Audio books  | Watching series  | streaming  | youtube,Normal
20/02/2018,Feb-20,Tuesday,10:18 AM,confused ,prayer | Watching series  | youtube | power nap,Normal
19/02/2018,Feb-19,Monday,8:53 PM,good,Dota 2 | Watching series  | streaming  | youtube | designing ,Good
19/02/2018,Feb-19,Monday,10:00 AM,good,walk | Audio books  | Watching series ,Good
18/02/2018,Feb-18,Sunday,7:00 PM,good,Dota 2 | youtube | gaming,Good
18/02/2018,Feb-18,Sunday,11:19 AM,good,Write dairy  | prayer | shower | Dota 2 | good meal | streaming  | youtube | research  | power nap,Good
17/02/2018,Feb-17,Saturday,7:00 PM,good,streaming  | youtube | research  | power nap | songs | designing ,Good
17/02/2018,Feb-17,Saturday,9:22 AM,blessed ,walk | meditation  | Dota 2 | travel,Good
17/02/2018,Feb-17,Saturday,6:35 AM,blessed ,prayer,Good
16/02/2018,Feb-16,Friday,6:33 AM,confused ,prayer | shower | Dota 2 | good meal | youtube | family,Normal
15/02/2018,Feb-15,Thursday,4:58 PM,meh,youtube | power nap,Normal
15/02/2018,Feb-15,Thursday,10:00 AM,wondering,prayer | fasting  | Dota 2 | streaming  | youtube,Normal
14/02/2018,Feb-14,Wednesday,7:01 PM,triggered ,walk | youtube | songs,Awful
14/02/2018,Feb-14,Wednesday,2:06 PM,angry,Dota 2 | youtube | gaming | research ,Awful
14/02/2018,Feb-14,Wednesday,1:40 PM,angry,Dota 2 | youtube | gaming,Awful
14/02/2018,Feb-14,Wednesday,10:22 AM,triggered ,prayer | youtube | weight log,Awful
13/02/2018,Feb-13,Tuesday,6:50 PM,angry,Dota 2 | family | Email,Awful
13/02/2018,Feb-13,Tuesday,2:00 PM,angry,good meal | youtube | Email,Awful
13/02/2018,Feb-13,Tuesday,9:52 AM,confused ,walk | meditation  | travel | Email,Normal
12/02/2018,Feb-12,Monday,7:12 PM,triggered ,Dota 2 | streaming  | youtube | new things  | family | Email | songs,Awful
12/02/2018,Feb-12,Monday,2:35 PM,Chill,Dota 2 | streaming  | songs,Good
12/02/2018,Feb-12,Monday,11:10 AM,excited ,Dota 2 | streaming  | youtube,Amazing
11/02/2018,Feb-11,Sunday,7:29 PM,blessed ,prayer | walk | meditation  | shower | Dota 2 | good meal | streaming  | youtube,Good
11/02/2018,Feb-11,Sunday,2:05 PM,hungry ,fasting  | meditation  | Dota 2 | streaming  | youtube | new things  | weight log,Good
11/02/2018,Feb-11,Sunday,10:29 AM,meh,Dota 2 | youtube | power nap,Normal
10/02/2018,Feb-10,Saturday,7:00 PM,over the moon ,reading | walk | Audio books  | good meal | travel | research  | songs,Amazing
10/02/2018,Feb-10,Saturday,2:00 PM,triggered ,Dota 2 | streaming  | youtube,Awful
10/02/2018,Feb-10,Saturday,10:02 AM,good,Write dairy  | Dota 2 | research  | Email,Good
09/02/2018,Feb-09,Friday,7:45 PM,blessed ,walk | Audio books  | Email | songs,Good
09/02/2018,Feb-09,Friday,6:36 PM,meh,prayer | streaming  | youtube | travel | research  | new things ,Normal
09/02/2018,Feb-09,Friday,11:12 AM,meh,Dota 2 | streaming  | youtube,Normal
08/02/2018,Feb-08,Thursday,7:01 PM,excited ,walk | Audio books  | youtube | travel,Amazing
08/02/2018,Feb-08,Thursday,3:19 PM,blessed ,good meal | streaming  | youtube | Email | shopping,Good
08/02/2018,Feb-08,Thursday,12:00 PM,good,reading | travel | research  | Email,Good
07/02/2018,Feb-07,Wednesday,7:00 PM,weak,good meal | travel | research  | hospital  | weight log,Normal
07/02/2018,Feb-07,Wednesday,5:20 PM,sick,walk | Audio books  | research  | family | hospital ,Bad
07/02/2018,Feb-07,Wednesday,2:43 PM,good,Dota 2 | Watching series  | youtube | travel | family | hospital ,Good
07/02/2018,Feb-07,Wednesday,10:08 AM,triggered ,prayer | fasting  | Dota 2 | youtube | power nap,Awful
06/02/2018,Feb-06,Tuesday,8:39 PM,sick,Dota 2 | streaming  | family,Bad
06/02/2018,Feb-06,Tuesday,2:39 PM,meh,fasting  | Dota 2 | Watching series  | good meal | weight log,Normal
06/02/2018,Feb-06,Tuesday,9:56 AM,bad,fasting  | walk | meditation  | travel | hospital ,Bad
05/02/2018,Feb-05,Monday,7:21 PM,meh,prayer | Watching series ,Normal
05/02/2018,Feb-05,Monday,5:09 PM,happiest day,reading | shower | good meal | youtube | new things  | power nap | weight log,Amazing
05/02/2018,Feb-05,Monday,11:12 AM,blessed ,fasting  | walk | meditation  | youtube,Good
04/02/2018,Feb-04,Sunday,8:19 PM,yolo,Write dairy  | walk | meditation  | Audio books  | good meal | streaming  | youtube | new things ,Good
04/02/2018,Feb-04,Sunday,11:23 AM,meh,meditation  | youtube | research ,Normal
04/02/2018,Feb-04,Sunday,6:34 AM,blessed ,prayer | good meal | youtube | movies,Good
03/02/2018,Feb-03,Saturday,7:52 PM,angry,Write dairy  | Dota 2 | streaming  | shopping,Awful
03/02/2018,Feb-03,Saturday,3:12 PM,meh,walk | meditation  | Dota 2 | Audio books  | streaming  | travel | research  | new things ,Normal
